1364,1490,1358,1684,1299,0027,-094,0000,-001,0000,0000,0001,0001,1366,1498,1353,1683,1306,0026,-093,-001,-001,0000,0000,0001,0001,1363,1491,1354,1683,1299,0026,-094,0001,0000,0000,0000,0001,0001,1327,1440,1309,1633,1291,0025,-094,0000,0000,0000,0000,0001,0001,1346,1391,1259,1655,1278,0026,-093,0000,0000,0000,0000,0001,0001,1369,1494,1360,1689,A
1364,1490,1358,1684,1299,0027,-094,0000,-001,0000,0000,0001,0001,1366,1498,1353,1683,1306,0026,-093,-001,-001,0000,0000,0001,0001,1363,1491,1354,1683,1299,0026,-094,0001,0000,0000,0000,0001,0001,1327,1440,1309,1633,1291,0025,-094,0000,0000,0000,0000,0001,0001,1346,1391,1259,1655,1278,0026,-093,0000,0000,0000,0000,0001,0001,1369,1494,1360,1689,A
1501,1631,1456,1759,1317,0016,-100,0002,-003,0000,0000,0001,0001,1499,1633,1463,1758,1312,0020,-107,-007,0008,-002,0000,0001,0001,1475,1611,1421,1713,1282,0011,-098,0004,-010,0000,0000,0001,0001,1459,1584,1423,1712,1279,0019,-105,0000,-002,0000,0000,0001,0001,1506,1634,1467,1761,1318,0016,-105,0002,0002,0000,0000,0001,0001,1504,1637,1466,1765,A
1393,1508,1360,1648,1276,0012,-105,0000,0000,-001,0000,0001,0001,1446,1564,1406,1699,1319,0013,-104,-002,-002,0000,0000,0001,0001,1401,1519,1370,1649,1280,0013,-103,-001,0000,-001,0000,0001,0001,1447,1583,1407,1698,1323,0012,-109,-011,0003,-001,0000,0001,0001,1440,1584,1403,1680,1327,0016,-102,0004,-004,0004,0000,0001,0001,1450,1586,1409,1694,A
1503,1658,1467,1243,1327,0008,-105,-004,-001,0000,0000,0001,0001,1511,1655,1462,1250,1327,0008,-105,0000,0000,0000,0000,0001,0001,1514,1664,1474,1252,1327,0008,-105,-002,-001,0000,0000,0001,0001,1520,1679,1475,1247,1328,0009,-105,-004,-001,-002,0000,0001,0001,1519,1679,1479,1714,1325,0012,-105,0002,-001,0001,0000,0001,0001,1520,1683,1481,1715,A
1408,1531,1392,1251,1309,0013,-101,-008,-004,-004,0000,0001,0001,1457,1589,1431,1264,1328,0009,-103,0000,0000,0000,0000,0001,0001,1456,1591,1438,1264,1328,0010,-104,0001,-001,0000,0000,0001,0001,1418,1535,1396,1263,1287,0010,-104,-002,0001,-002,0000,0001,0001,1459,1594,1446,1264,1328,0009,-105,0000,0000,-001,0000,0001,0001,1463,1596,1447,1263,A
1471,1605,1447,1186,1329,0004,-108,-007,-005,-002,0000,0001,0001,1435,1574,1404,1194,1219,0010,-107,0002,-002,0002,0000,0001,0001,1478,1616,1442,1200,1328,0008,-108,0001,-002,0000,0000,0001,0001,1483,1621,1450,1203,1328,0011,-107,0000,0000,-001,0000,0001,0001,1487,1615,1453,1207,1327,0011,-107,0002,0000,0001,0000,0001,0001,1489,1619,1456,1206,A
1513,1648,1572,1265,1321,0015,-105,0000,0000,0000,0000,0001,0001,1470,1608,1524,1265,1280,0014,-104,0000,-002,0000,0000,0001,0001,1515,1657,1574,1271,1323,0017,-103,0000,0000,0000,0000,0001,0001,1518,1653,1572,1275,1325,0015,-103,0001,0004,0000,0000,0001,0001,1475,1615,1525,1266,1283,0014,-104,-002,-001,-001,0000,0001,0001,1519,1659,1571,1274,A
1558,1711,1634,1249,1326,0019,-099,0000,0001,0000,0000,0001,0001,1555,1711,1634,1248,1326,0019,-099,0000,-001,0000,0000,0001,0001,1515,1664,1589,1240,1285,0018,-101,0000,-002,0000,0000,0001,0001,1557,1707,1633,1251,1324,0021,-100,0000,0000,0000,0000,0001,0001,1558,1712,1633,1249,1323,0020,-100,0000,0000,0000,0000,0001,0001,1558,1710,1637,1253,A
2411,2499,2235,2303,1123,0015,-108,-001,0002,0001,0000,0001,0000,2411,2501,2230,2301,1126,0015,-106,-001,0000,0000,0000,0001,0000,2407,2501,2233,2315,1131,0015,-107,-001,-002,0000,0000,0001,0000,2410,2501,2237,2311,1133,0015,-108,0000,0000,-001,0000,0001,0000,2250,2334,2078,2247,1104,0015,-108,0000,0000,0000,0000,0001,0000,2413,2499,2229,2298,B
2326,2407,2145,2157,0995,0010,-097,0003,0000,0001,0000,0001,0000,2363,2467,2214,2223,1053,0010,-103,0000,0003,-002,0000,0001,0000,2368,2470,2210,2219,1047,0010,-101,0002,-004,0001,0000,0001,0000,2368,2467,2216,2222,1053,0007,-101,0000,0001,0000,0000,0001,0000,2369,2467,2219,2224,1049,0012,-098,-001,0000,0000,0000,0001,0000,2371,2469,2218,2220,B
2347,2419,2162,2114,1076,0010,-101,-001,0002,-001,0000,0001,0000,2315,2390,2165,2122,1083,0012,-101,-001,-003,-002,0000,0001,0000,2384,2465,2224,2190,1118,0013,-099,0001,-001,0001,0000,0001,0000,2384,2466,2224,2179,1116,0014,-101,0001,-001,0000,0000,0001,0000,2387,2436,2225,2173,1120,0015,-101,0000,0001,0001,0000,0001,0000,2386,2465,2226,2173,B
2364,2417,2167,2207,1039,0009,-097,-002,-003,0001,0000,0001,0000,2347,2416,2170,2189,1038,0014,-096,0003,0000,-001,0000,0001,0000,2409,2485,2230,2253,1073,0013,-096,0001,-001,0000,0000,0001,0000,2351,2423,2170,2191,1040,0012,-101,-002,0003,0000,0000,0001,0000,2415,2490,2228,2245,1077,0013,-098,0000,0001,0000,0000,0001,0000,2416,2496,2229,2258,B
2398,2485,2237,2318,1074,0029,-099,0003,0006,0000,0000,0001,0000,2394,2480,2236,2339,1094,0028,-097,-004,0003,0001,0000,0001,0000,2397,2482,2235,2345,1104,0026,-097,-002,0003,0000,0000,0001,0000,2325,2402,2176,2279,1071,0026,-095,0000,-002,0000,0000,0001,0000,2396,2480,2241,2345,1104,0028,-097,-001,0007,-001,0000,0001,0000,2397,2480,2239,2339,B
2371,2460,2238,2289,1045,0007,-095,0000,0001,-001,0000,0001,0000,2381,2469,2242,2294,1052,0007,-095,-001,0001,0000,0000,0001,0000,2321,2395,2182,2229,1012,0008,-095,-002,0000,0000,0000,0001,0000,2384,2459,2245,2289,1050,0006,-095,0000,-001,0000,0000,0001,0000,2384,2463,2247,2289,1053,0007,-096,-004,0000,0000,0000,0001,0000,2383,2455,2250,2290,B
2315,2416,2162,2240,1055,0017,-097,-006,0009,0004,0000,0001,0000,2319,2417,2161,2233,1046,0010,-094,-008,0011,0003,0000,0001,0000,2379,2480,2221,2294,1081,0010,-096,0001,0006,0000,0000,0001,0000,2384,2486,2225,2299,1072,0011,-094,0001,0000,0001,0000,0001,0000,2384,2487,2227,2301,1072,0010,-094,0003,0006,0001,0000,0001,0000,2384,2482,2226,2299,B
2331,2401,2173,2250,1010,0009,-097,0000,0000,-001,0000,0001,0000,2398,2477,2233,2320,1051,0008,-098,-001,-002,0000,0000,0001,0000,2393,2479,2241,2320,1047,0009,-099,-001,-001,0000,0000,0001,0000,2393,2478,2235,2319,1045,0009,-098,0000,0004,-001,0000,0001,0000,2397,2480,2235,2318,1049,0008,-098,0000,0003,0000,0000,0001,0000,2398,2480,2237,2320,B
2142,1889,1466,1913,1328,0118,-131,0004,-007,-001,0000,0001,0000,2153,1873,1469,1917,1316,0111,-127,-012,-005,0009,0000,0001,0000,2151,1904,1483,1915,1312,0099,-125,0002,0001,-001,0000,0001,0000,2149,1921,1488,1921,1310,0095,-122,-004,-004,0008,0000,0001,0000,2154,1920,1488,1919,1304,0102,-126,-004,-001,0002,0000,0001,0000,2151,1911,1488,1918,C
2006,1965,1518,1931,1301,0112,-126,-001,-001,0001,0000,0001,0000,1936,1904,1469,1859,1265,0114,-126,-001,-001,0002,0000,0001,0000,2007,1969,1523,1932,1304,0105,-123,-005,0000,0001,0000,0001,0000,2010,1968,1530,1927,1302,0110,-125,0000,0000,0001,0000,0001,0000,2009,1970,1527,1926,1303,0109,-125,0001,0000,0001,0000,0001,0000,2027,1985,1532,1931,C
2000,1904,1575,1939,1300,0105,-124,0004,0000,-003,0000,0001,0000,1943,1859,1527,1898,1267,0106,-124,0001,0000,-001,0000,0001,0000,1945,1862,1520,1893,1266,0106,-124,0000,0003,0000,0000,0001,0000,1943,1861,1526,1891,1265,0108,-125,0000,0000,0000,0000,0001,0000,1995,1911,1581,1945,1306,0109,-125,0000,-002,0000,0000,0001,0000,1997,1916,1578,1946,C
1935,1835,1490,1899,1243,0108,-125,0003,0000,0000,0000,0001,0000,1985,1884,1535,1955,1280,0109,-125,-002,0003,0000,0000,0001,0000,1989,1887,1535,1955,1280,0109,-126,-002,-003,0001,0000,0001,0000,1984,1881,1535,1952,1281,0116,-127,0002,-004,0000,0000,0001,0000,1979,1868,1535,1954,1277,0109,-126,0001,-004,0003,0000,0001,0000,1983,1871,1535,1953,C
1984,1872,1475,1881,1286,0120,-129,0001,-002,0001,0000,0001,0000,1979,1877,1482,1886,1291,0122,-130,0000,0004,0000,0000,0001,0000,1931,1834,1456,1840,1251,0120,-129,0002,-001,0000,0000,0001,0000,1923,1840,1455,1840,1251,0119,-129,0000,0001,0001,0000,0001,0000,1970,1889,1491,1894,1283,0113,-127,0000,-001,-001,0000,0001,0000,1978,1887,1503,1898,C
1934,1831,1487,1874,1314,0118,-128,0000,0003,0000,0000,0001,0000,1797,1699,1455,1851,1278,0122,-130,0001,0002,-001,0000,0001,0000,1933,1828,1495,1874,1301,0120,-130,0000,-014,-005,0000,0001,0000,1933,1838,1493,1872,1313,0122,-130,0001,-002,-003,0000,0001,0000,1885,1786,1461,1829,1269,0121,-130,0000,-002,0000,0000,0001,0000,1922,1832,1504,1870,C
1984,1809,1487,1932,1279,0120,-130,-003,0001,-001,0000,0001,0000,1987,1807,1478,1934,1275,0112,-128,-002,-002,-001,0000,0001,0000,1929,1749,1446,1871,1242,0117,-129,-001,-003,0000,0000,0001,0000,1844,1757,1427,1855,1229,0119,-130,0000,0000,0000,0000,0001,0000,1974,1803,1488,1917,1274,0117,-130,0000,-001,-001,0000,0001,0000,1968,1801,1488,1920,C
1881,1749,1470,1871,1229,0111,-129,-002,0000,0003,0000,0001,0000,1949,1799,1518,1923,1268,0125,-132,0000,0000,0000,0000,0001,0000,1953,1805,1509,1929,1271,0119,-131,0000,-002,-001,0000,0001,0000,1954,1802,1516,1930,1266,0119,-130,0000,0000,0000,0000,0001,0000,1950,1801,1515,1923,1255,0122,-131,0001,0000,-001,0000,0001,0000,1955,1806,1517,1923,C
2064,2333,2027,2337,1341,0025,-108,-001,0001,0000,0000,0000,0000,2054,2327,2026,2339,1346,0024,-108,0000,0001,0001,0000,0000,0000,2047,2323,1998,2338,1344,0025,-108,0000,-001,0000,0000,0000,0000,2032,2288,1986,2270,1299,0025,-109,0000,-001,0000,0000,0000,0000,2039,2321,2020,2338,1341,0025,-109,0000,0000,0000,0000,0000,0000,2042,2327,2026,2336,D
1814,2018,1777,2316,1287,0036,-105,0000,0000,0000,0000,0000,0000,1680,1961,1742,2253,1249,0035,-105,0000,0000,0000,0000,0000,0000,1761,1965,1727,2251,1247,0036,-105,-001,-002,0000,0000,0000,0000,1749,1947,1717,2239,1249,0037,-106,0000,0000,0000,0000,0000,0000,1814,2017,1776,2310,1284,0037,-106,0000,0001,0000,0000,0000,0000,1821,2018,1767,2305,D
1642,1878,1650,2323,1335,0031,-106,0000,-001,-001,0000,0000,0000,1637,1878,1655,2320,1330,0032,-107,0000,-001,0000,0000,0000,0000,1599,1838,1603,2259,1296,0031,-107,0000,-001,0000,0000,0000,0000,1643,1888,1653,2320,1333,0033,-106,0000,0000,0000,0000,0000,0000,1646,1878,1659,2321,1329,0033,-106,0001,0001,-001,0000,0000,0000,1651,1885,1651,2320,D
1678,1902,1502,2301,1279,0045,-113,0000,0000,0000,0000,0000,0000,1635,1843,1461,2274,1264,0043,-113,0002,0002,0000,0000,0000,0000,1680,1899,1513,2333,1297,0042,-112,0000,-001,0000,0000,0000,0000,1680,1899,1511,2330,1295,0044,-112,-001,0001,0001,0000,0000,0000,1682,1897,1515,2330,1295,0044,-112,0000,0000,0000,0000,0000,0000,1637,1846,1477,2269,D
1673,1939,1559,2327,1351,0045,-113,0001,-001,0000,0000,0000,0000,1676,1940,1558,2326,1351,0043,-113,0000,0001,0001,0000,0000,0000,1671,1943,1561,2315,1350,0043,-114,0000,0002,0000,0000,0000,0000,1673,1941,1558,2327,1351,0040,-113,-001,0003,0001,0000,0000,0000,1678,1936,1557,2326,1349,0040,-113,0000,-001,0001,0000,0000,0000,1678,1945,1562,2325,D
1711,1937,1653,2305,1315,0034,-109,0000,0000,0000,0000,0000,0000,1662,1891,1611,2243,1321,0037,-109,0000,0000,0000,0000,0000,0000,1709,1937,1651,2295,1351,0036,-109,0000,0000,-001,0000,0000,0000,1707,1927,1646,2288,1351,0034,-109,0001,0002,0000,0000,0000,0000,1711,1924,1648,2299,1355,0035,-110,0000,0000,0000,0000,0000,0000,1655,1852,1579,2235,D
1535,1826,1481,2256,1311,0036,-113,0000,0001,0000,0000,0000,0000,1618,1812,1489,2273,1314,0035,-111,0000,0000,0000,0000,0000,0000,1670,1860,1530,2337,1358,0038,-112,0000,0000,-001,0000,0000,0000,1674,1865,1525,2333,1355,0036,-111,0000,-001,0000,0000,0000,0000,1667,1862,1531,2331,1357,0038,-113,0000,0000,0000,0000,0000,0000,1671,1866,1535,2331,D
1806,1936,1561,2247,1360,0036,-115,-001,0000,0001,0000,0000,0000,1798,1940,1553,2254,1359,0037,-113,0000,0001,0001,0000,0000,0000,1807,1936,1562,2256,1363,0034,-114,0000,-001,0000,0000,0000,0000,1761,1893,1517,2198,1328,0036,-115,0000,0000,0000,0000,0000,0000,1804,1936,1518,2223,1330,0038,-114,0000,0001,0000,0000,0000,0000,1809,1936,1565,2256,D
1522,1439,1152,1600,0935,0056,-107,0003,0000,0000,0000,0001,0000,1584,1491,1198,1650,0973,0054,-110,-002,0003,0001,0000,0001,0000,1587,1491,1200,1644,0975,0052,-108,-001,0010,0003,0000,0001,0000,1586,1498,1199,1648,0976,0051,-106,-001,-003,0001,0000,0001,0000,1589,1495,1199,1648,0981,0049,-107,0000,-001,0000,0000,0001,0000,1535,1458,1168,1600,E
1353,1453,1177,1586,0943,0056,-107,-002,0000,0000,0000,0001,0000,1398,1487,1213,1631,0973,0052,-107,-004,0001,0003,0000,0001,0000,1386,1482,1209,1632,0972,0053,-106,-006,0001,0002,0000,0001,0000,1383,1482,1213,1634,0976,0053,-106,-003,0003,0000,0000,0001,0000,1371,1474,1213,1630,0974,0054,-105,0002,0000,-001,0000,0001,0000,1342,1427,1170,1585,E
1440,1535,1242,1661,0955,0033,-107,0008,0031,0009,0000,0001,0000,1440,1535,1248,1663,0958,0026,-106,-013,-002,-005,0000,0001,0000,1399,1499,1207,1621,0929,0028,-106,-010,-003,0000,0000,0001,0000,1397,1500,1216,1612,0934,0033,-110,-002,0003,0002,0000,0001,0000,1430,1535,1249,1648,0962,0036,-107,0005,-006,0000,0000,0001,0000,1423,1534,1250,1650,E
1511,1490,1203,1633,0970,0053,-107,-001,0000,0000,0000,0001,0000,1511,1486,1203,1625,0968,0054,-107,-002,0000,-001,0000,0001,0000,1457,1427,1166,1587,0941,0052,-108,-005,0001,0000,0000,0000,0000,1445,1423,1159,1585,0967,0055,-109,0000,-002,0001,0000,0000,0000,1498,1472,1201,1630,0974,0057,-110,-001,0001,0000,0000,0000,0000,1497,1475,1200,1635,E
1500,1487,1200,1651,0939,0060,-108,-002,-002,0002,0000,0001,0000,1499,1503,1211,1658,0944,0066,-108,0011,0002,0000,0000,0001,0000,1390,1408,1189,1616,0919,0064,-109,0004,-002,-003,0000,0001,0000,1487,1521,1227,1651,0947,0064,-110,0000,0000,0001,0000,0001,0000,1494,1520,1226,1655,0957,0066,-110,0000,0002,0001,0000,0001,0000,1501,1529,1232,1654,E
1420,1514,1185,1622,0954,0076,-117,0015,0000,0000,0000,0001,0000,1424,1514,1199,1632,0951,0077,-116,-005,0002,0002,0000,0001,0000,1424,1518,1200,1633,0955,0075,-114,-003,0000,0001,0000,0001,0000,1434,1523,1216,1638,0950,0074,-114,0001,0001,0000,0000,0001,0000,1451,1535,1215,1685,0950,0074,-113,-004,0002,0000,0000,0001,0000,1419,1499,1178,1630,E
1422,1507,1161,1641,0938,0075,-111,0003,-003,0003,0000,0001,0000,1431,1519,1178,1633,0955,0072,-110,-002,0003,0001,0000,0001,0000,1434,1520,1188,1648,0955,0069,-109,-029,-004,0007,0000,0001,0000,1407,1482,1152,1615,0945,0074,-108,0016,0002,-001,0000,0001,0000,1447,1525,1200,1657,0970,0072,-113,0004,-005,0003,0000,0001,0000,1446,1533,1204,1655,E
1392,1454,1149,1600,0918,0053,-101,0018,-014,-004,0000,0001,0000,1392,1459,1150,1599,0923,0055,-108,0007,-003,0001,0000,0001,0000,1443,1502,1187,1641,0955,0055,-104,0005,-004,-002,0000,0001,0000,1453,1498,1196,1647,0957,0057,-106,0023,0007,0000,0000,0001,0000,1417,1457,1161,1609,0933,0056,-105,-005,0003,0001,0000,0001,0000,1461,1509,1200,1651,E
2368,2475,2218,2009,1303,0022,-113,-007,0001,0004,0000,0000,0001,2383,2464,2215,2013,1249,0022,-113,0000,-002,0003,0000,0000,0001,2420,2539,2283,2060,1344,0019,-112,-006,0002,0000,0000,0000,0001,2427,2534,2277,2036,1344,0019,-113,0010,0001,0000,0000,0000,0001,2427,2538,2283,2006,1344,0019,-112,0003,-003,0001,0000,0000,0001,2433,2543,2278,1965,F
2354,2457,2217,1886,1307,0014,-111,0009,-001,-001,0000,0000,0001,2419,2529,2279,1936,1343,0016,-111,0003,-003,0000,0000,0000,0001,2421,2530,2278,1915,1344,0016,-110,0001,-003,0000,0000,0000,0001,2416,2526,2278,1906,1344,0016,-112,-001,-001,0003,0000,0000,0001,2416,2528,2285,1909,1346,0016,-110,-001,0001,-001,0000,0000,0001,2411,2525,2279,1911,F
2352,2450,2222,1698,1305,0014,-111,0003,-002,0000,0000,0000,0001,2410,2512,2276,1741,1343,0012,-112,0003,0000,-001,0000,0000,0001,2401,2513,2277,1735,1343,0014,-111,-003,-001,-001,0000,0000,0001,2324,2446,2223,1682,1301,0013,-112,0002,0000,-002,0000,0000,0001,2347,2449,2215,1689,1302,0013,-112,0004,-004,0000,0000,0000,0001,2399,2513,2273,1737,F
2415,2515,2277,1819,1339,0018,-111,-003,-006,0000,0000,0000,0001,2416,2518,2275,1796,1343,0017,-112,-014,-007,0006,0000,0000,0001,2416,2521,2278,1791,1344,0015,-112,0000,-002,-004,0000,0000,0001,2416,2498,2276,1776,1344,0016,-113,0004,0005,0003,0000,0000,0001,2414,2523,2275,1780,1344,0013,-114,0000,-006,-002,0000,0000,0001,2416,2512,2274,1777,F
2398,2512,2271,1728,1347,0019,-112,0003,-006,-001,0000,0000,0001,2399,2507,2262,1727,1349,0018,-113,0003,-002,0000,0000,0000,0001,2399,2511,2268,1727,1348,0018,-115,-003,0004,0000,0000,0000,0001,2337,2447,2207,1681,1309,0019,-113,0000,0001,-002,0000,0000,0001,2397,2506,2269,1726,1343,0018,-112,0002,-004,0000,0000,0000,0001,2398,2525,2267,1727,F
2406,2512,2272,2130,1347,0016,-117,-011,-002,0002,0000,0000,0001,2402,2512,2269,2118,1340,0017,-115,-009,-003,0000,0000,0000,0001,2402,2512,2272,2096,1344,0023,-116,0003,0001,0002,0000,0000,0001,2402,2517,2270,2078,1345,0012,-117,0001,-001,0000,0000,0000,0001,2402,2516,2273,2081,1345,0019,-117,0009,-005,-003,0000,0000,0001,2405,2515,2273,2083,F
2399,2501,2273,1923,1348,0012,-115,-002,0000,-003,0000,0000,0001,2399,2501,2275,1930,1345,0011,-116,0005,-005,0000,0000,0000,0001,2383,2455,2235,1859,1302,0011,-116,0005,-003,0001,0000,0000,0001,2395,2500,2274,1908,1349,0014,-114,0000,-002,0000,0000,0000,0001,2335,2431,2217,1851,1310,0014,-115,-001,0000,0000,0000,0000,0001,2247,2334,2115,1872,F
2398,2503,2274,1952,1346,0013,-118,0000,-001,0001,0000,0000,0001,2397,2499,2272,1954,1347,0012,-118,-004,0000,0000,0000,0000,0001,2333,2437,2214,1885,1308,0012,-117,0002,-002,-001,0000,0000,0001,2394,2505,2273,1936,1348,0013,-117,-003,0000,0000,0000,0000,0001,2391,2501,2273,1934,1347,0014,-117,-002,0000,0000,0000,0000,0001,2321,2434,2220,1882,F
1362,1494,1276,2340,1246,0016,-095,0004,-003,0003,0000,0000,0001,1330,1456,1248,2317,1151,0016,-097,0000,0000,0000,0000,0000,0001,1362,1498,1279,2353,1245,0015,-097,0000,-002,-002,0000,0000,0001,1329,1457,1245,2292,1210,0021,-092,0007,0006,0004,0000,0000,0001,1366,1501,1285,2352,1237,0015,-097,0061,0036,-018,0000,0000,0001,1370,1503,1287,2346,G
1355,1500,1257,2348,1247,0011,-094,-001,0001,0004,0000,0000,0001,1322,1461,1216,2279,1204,0011,-098,0002,0002,-002,0000,0000,0001,1360,1499,1257,2342,1234,0011,-095,0000,-002,0000,0000,0000,0001,1322,1462,1225,2275,1200,0012,-098,0000,0004,0001,0000,0000,0001,1318,1456,1216,2262,1178,0010,-097,0004,-002,0000,0000,0000,0001,1362,1503,1264,2331,G
1330,1616,1370,2327,1223,0010,-098,-003,0001,0000,0000,0000,0001,1233,1574,1344,2256,1191,0009,-098,0017,0007,-014,0000,0000,0001,1296,1571,1324,2256,1175,0010,-097,-001,-003,0004,0000,0000,0001,1298,1594,1274,2173,1186,0008,-100,-001,-001,0000,0000,0000,0001,1298,1575,1331,2267,1178,0007,-099,0004,-003,0000,0000,0000,0001,1340,1616,1371,2325,G
1280,1476,1263,2293,1246,0007,-105,-006,-012,-003,0000,0000,0001,1322,1520,1297,2347,1261,0020,-099,0000,-002,-013,0000,0000,0001,1322,1521,1291,2346,1279,0018,-101,0007,0011,-003,0000,0000,0001,1328,1523,1293,2347,1282,0014,-099,-008,0000,0001,0000,0000,0001,1328,1527,1294,2338,1280,0012,-102,0003,-003,0000,0000,0000,0001,1329,1527,1296,2339,G
1431,1711,1447,2315,1279,0010,-096,-003,0001,0000,0000,0000,0001,1433,1710,1446,2302,1269,0010,-094,0003,-003,-002,0000,0000,0001,1433,1706,1442,2297,1265,0012,-093,-008,0013,-004,0000,0000,0001,1438,1703,1455,2304,1264,0010,-095,0005,-006,0000,0000,0000,0001,1440,1707,1456,2288,1232,0010,-094,-009,0004,0000,0000,0000,0001,1440,1708,1449,2307,G
1387,1637,1390,2299,1271,0009,-099,0002,0000,-001,0000,0000,0001,1382,1626,1395,2301,1264,0009,-097,0011,0002,-002,0000,0000,0001,1344,1584,1365,2234,1232,0010,-099,-004,0007,0001,0000,0000,0001,1385,1622,1409,2298,1267,0011,-096,0001,-002,0000,0000,0000,0001,1349,1581,1369,2239,1235,0010,-099,-005,0007,0000,0000,0000,0001,1390,1629,1419,2286,G
1371,1566,1314,2299,1279,0015,-099,0001,-007,0001,0000,0000,0001,1375,1574,1324,2299,1277,0015,-101,-005,0007,0000,0000,0000,0001,1370,1570,1326,2299,1274,0014,-102,-003,-003,0001,0000,0000,0001,1371,1574,1327,2294,1273,0016,-100,-001,0002,0001,0000,0000,0001,1383,1575,1325,2301,1270,0015,-104,0004,-001,-001,0000,0000,0001,1379,1578,1327,2289,G
1301,1533,1364,2256,1242,0010,-099,0002,-002,0002,0000,0000,0001,1351,1584,1407,2317,1275,0010,-101,0010,0012,0000,0000,0000,0001,1349,1574,1422,2319,1277,0010,-098,0004,0011,0002,0000,0000,0001,1319,1531,1392,2255,1226,0010,-101,0001,0004,-002,0000,0000,0001,1360,1583,1428,2318,1273,0009,-098,0005,-004,0000,0000,0000,0001,1367,1593,1424,2313,G
1562,1726,2267,2368,1312,0043,-091,0116,0027,0008,0000,0000,0000,1527,1699,2273,2382,1316,-020,-070,0385,0005,-073,0000,0000,0000,1519,1668,2214,2338,1219,-034,-091,0024,-021,-011,0000,0000,0000,1558,1712,2269,2370,1311,-018,-095,-019,0001,-016,0000,0000,0000,1559,1722,2269,2373,1312,-023,-096,-012,0000,-004,0000,0000,0000,1559,1727,2267,2371,H
1616,1698,2256,2351,1335,-049,-072,0499,-034,-249,0000,0000,0000,1618,1723,2266,2352,1331,-040,-095,0117,-008,-016,0000,0000,0000,1627,1728,2263,2357,1334,-025,-092,0012,0018,-021,0000,0000,0000,1637,1744,2259,2352,1332,-031,-090,-007,-017,0005,0000,0000,0000,1637,1745,2259,2349,1327,-024,-096,-006,0002,0000,0000,0000,0000,1635,1744,2263,2343,H
1616,1759,2260,2358,1345,-024,-090,0029,-055,0008,0000,0000,0000,1597,1712,2198,2289,1305,-007,-100,0017,-019,0007,0000,0000,0000,1645,1755,2261,2370,1343,-009,-100,-019,0000,-013,0000,0000,0000,1648,1771,2259,2350,1343,-011,-100,-002,-006,-001,0000,0000,0000,1587,1710,2202,2294,1303,-011,-098,0000,0002,0001,0000,0000,0000,1645,1762,2259,2349,H
1722,1828,2192,2295,1299,-025,-042,0499,0220,0004,0000,0000,0000,1744,1840,2259,2370,1345,-023,-094,0036,-014,0022,0000,0000,0000,1697,1791,2203,2301,1303,-012,-095,0016,0024,-006,0000,0000,0000,1749,1845,2258,2365,1344,-012,-093,-038,-002,0004,0000,0000,0000,1697,1805,2266,2366,1344,-008,-095,-002,0002,-011,0000,0000,0000,1574,1682,2203,2306,H
1725,1851,2257,2325,1332,-033,-047,0499,0083,-144,0000,0000,0000,1727,1854,2256,2337,1339,-040,-110,0088,0030,-023,0000,0000,0000,1686,1804,2195,2273,1303,-013,-087,-110,-022,-029,0000,0000,0000,1743,1865,2258,2336,1344,-018,-089,0000,0015,-012,0000,0000,0000,1739,1863,2261,2329,1344,-015,-090,-006,0000,0003,0000,0000,0000,1741,1861,2257,2326,H
1729,1866,2265,2356,1342,-018,-105,0115,-067,-025,0000,0000,0000,1738,1872,2267,2357,1343,-022,-100,-023,0019,-010,0000,0000,0000,1619,1741,2208,2301,1303,-010,-104,0030,0011,-002,0000,0000,0000,1744,1872,2267,2347,1343,-016,-100,-011,0002,-009,0000,0000,0000,1747,1879,2267,2352,1343,-011,-102,0000,0010,-003,0000,0000,0000,1616,1743,2201,2298,H
1779,1902,2257,2335,1296,0030,-079,0333,-062,0032,0000,0000,0000,1777,1901,2256,2338,1295,-024,-082,0101,-005,0032,0000,0000,0000,1780,1904,2255,2327,1302,-010,-095,0260,0045,-049,0000,0000,0000,1781,1907,2258,2331,1305,-012,-098,0049,-029,-011,0000,0000,0000,1790,1915,2256,2337,1311,-012,-091,-008,0002,0004,0000,0000,0000,1741,1865,2203,2276,H
1569,1721,2254,2368,1341,0019,-091,-003,0008,0000,0000,0000,0000,1577,1702,2249,2366,1344,-005,-058,0499,0044,-036,0000,0000,0000,1516,1667,2223,2211,1250,-012,-088,-021,0034,0039,0000,0000,0000,1532,1681,2203,2311,1313,-004,-097,-071,-057,0006,0000,0000,0000,1584,1733,2263,2372,1344,-007,-092,-010,-006,0001,0000,0000,0000,1584,1735,2262,2367,H
2321,1530,1360,1415,1079,0031,-087,0000,-003,-001,0000,0001,0000,2387,1584,1407,1456,1111,0031,-087,0003,0000,0000,0000,0001,0000,2386,1584,1409,1463,1110,0032,-089,0000,0000,0001,0000,0001,0000,2385,1584,1411,1463,1119,0031,-086,0000,-002,-001,0000,0001,0000,2387,1586,1411,1466,1114,0032,-086,0006,0004,0000,0000,0001,0000,2384,1584,1415,1470,I
2381,1485,1233,1456,1093,0036,-083,0000,0000,0001,0000,0001,0000,2304,1470,1247,1458,1100,0036,-084,0000,0002,0000,0000,0001,0000,2384,1506,1253,1458,1099,0036,-083,0011,0000,-005,0000,0001,0000,2381,1496,1261,1462,1102,0036,-083,0001,-002,0000,0000,0001,0000,2385,1493,1264,1467,1102,0034,-084,0002,-003,-007,0000,0001,0000,2313,1443,1232,1428,I
2352,1443,1330,1434,1034,0030,-082,-001,0006,0002,0000,0001,0000,2387,1488,1381,1476,1067,0031,-081,-002,0003,0002,0000,0001,0000,2395,1488,1376,1479,1072,0028,-083,0000,-009,-001,0000,0001,0000,2386,1492,1385,1479,1080,0028,-082,0005,-005,-002,0000,0001,0000,2385,1490,1388,1479,1076,0030,-083,0001,0001,0000,0000,0001,0000,2390,1492,1383,1485,I
2321,1569,1471,1425,0980,0027,-088,0006,-006,-006,0000,0001,0000,2214,1488,1457,1455,0991,0031,-085,0000,-005,-003,0000,0001,0000,2384,1616,1509,1471,1008,0034,-082,-001,0000,0002,0000,0001,0000,2384,1615,1505,1478,1023,0034,-084,0006,0031,0000,0000,0001,0000,2386,1619,1509,1479,1023,0030,-083,-009,-010,0010,0000,0001,0000,2379,1623,1510,1507,I
2399,1433,1323,1535,1015,0032,-083,-018,0009,0002,0000,0001,0000,2400,1428,1326,1535,1022,0031,-083,-002,0005,0002,0000,0001,0000,2341,1407,1235,1443,0995,0031,-083,0000,-003,0001,0000,0001,0000,2402,1444,1334,1555,1023,0032,-083,0000,-006,-002,0000,0001,0000,2425,1453,1328,1563,1023,0031,-083,0000,0002,0001,0000,0001,0000,2402,1453,1333,1563,I
2385,1487,1328,1535,1013,0031,-070,0004,0000,0000,0000,0001,0000,2383,1490,1328,1535,1008,0034,-069,0004,-009,0000,0000,0001,0000,2384,1479,1333,1535,1008,0034,-070,-001,0000,0001,0000,0001,0000,2321,1446,1298,1511,0979,0032,-071,0000,-004,-001,0000,0001,0000,2384,1483,1328,1535,0998,0034,-069,-003,0001,0003,0000,0001,0000,2320,1447,1295,1523,I
2431,1598,1405,1532,1056,0035,-088,0000,-003,-003,0000,0001,0000,2415,1602,1403,1535,1057,0034,-087,-006,0008,0005,0000,0001,0000,2368,1535,1364,1498,1021,0032,-090,0001,0002,0004,0000,0001,0000,2434,1600,1405,1535,1055,0034,-087,0000,-008,-005,0000,0001,0000,2434,1601,1409,1535,1057,0034,-087,0004,-003,0000,0000,0001,0000,2431,1602,1405,1535,I
2355,1508,1189,1489,0996,0042,-086,0009,-002,-001,0000,0001,0000,2435,1568,1242,1505,1008,0036,-088,0033,0004,-007,0000,0001,0000,2435,1568,1245,1509,1016,0041,-084,-002,0002,0002,0000,0001,0000,2352,1513,1215,1469,0989,0042,-086,-002,0006,0001,0000,0001,0000,2436,1561,1246,1515,1019,0043,-085,-005,0001,-002,0000,0001,0000,2370,1520,1215,1470,I
2390,1522,1359,1535,0989,0055,-096,0142,-041,0047,0000,0001,0000,2330,1487,1301,1502,0976,-103,-109,0499,-054,-127,0000,0001,0000,2382,1535,1357,1558,1007,-076,-070,0317,0039,-090,0000,0001,0000,2383,1535,1355,1565,1004,-064,-060,0015,0001,-022,0000,0001,0000,2384,1535,1359,1568,1005,-058,-063,-046,-010,0001,0000,0001,0000,2383,1535,1365,1561,J
2370,1505,1330,1493,0978,-074,-026,0499,-162,0176,0000,0001,0000,2384,1507,1339,1514,0983,-079,-056,0224,-041,-077,0000,0001,0000,2394,1513,1344,1518,0999,-066,-039,-023,-022,-001,0000,0001,0000,2391,1508,1345,1520,1003,-069,-045,-017,-028,0014,0000,0001,0000,2396,1502,1349,1518,0970,-066,-047,-013,-021,-002,0000,0001,0000,2336,1470,1306,1481,J
2377,1520,1360,1519,0997,0139,-137,0116,0012,-021,0000,0001,0000,2391,1488,1343,1530,1008,-097,-044,0467,-036,-052,0000,0001,0000,2395,1467,1345,1535,1013,-056,-033,0137,-069,0032,0000,0001,0000,2398,1471,1357,1535,1015,-059,-034,-029,-012,-011,0000,0001,0000,2343,1470,1358,1535,1015,-066,-039,-023,0056,0015,0000,0001,0000,2390,1460,1358,1535,J
2358,1535,1418,1535,1063,-112,-122,0296,-008,-054,0000,0001,0000,2319,1475,1375,1497,1023,-096,-096,-020,-037,0000,0000,0001,0000,2351,1599,1419,1634,1169,-130,-133,-178,-077,-052,0000,0001,0000,2334,1919,1808,1991,1268,0174,-148,-144,-013,0002,0000,0001,0000,2342,2139,2083,2205,1264,0166,-145,-015,-064,0002,0000,0001,0000,2349,2226,2150,2323,J
2310,1525,1327,1424,1023,0067,-095,0499,0031,0073,0000,0001,0000,2379,1554,1363,1473,1079,-077,-110,0315,0112,-123,0000,0001,0000,2384,1522,1370,1479,1088,-041,-051,0116,0020,-003,0000,0001,0000,2384,1533,1371,1479,1103,-034,-062,-022,0003,-012,0000,0001,0000,2389,1535,1375,1488,1093,-034,-063,-025,-002,-009,0000,0001,0000,2387,1511,1361,1478,J
2384,1472,1332,1475,1077,-081,-051,0499,-012,0028,0000,0001,0000,2357,1426,1341,1488,1086,-072,-061,0273,-080,0029,0000,0001,0000,2365,1433,1335,1493,1088,-061,-046,-005,-005,-015,0000,0001,0000,2303,1406,1303,1447,1057,-061,-046,-014,0007,-002,0000,0001,0000,2321,1356,1239,1392,1072,-065,-054,-061,-011,0008,0000,0001,0000,2363,1461,1339,1497,J
2384,1497,1341,1533,1077,-086,-078,0499,-183,-072,0000,0001,0000,2316,1451,1312,1498,1058,-093,-056,0187,-046,-059,0000,0001,0000,2363,1493,1354,1535,1072,-078,-055,-055,0017,0014,0000,0001,0000,2365,1497,1355,1555,1072,-086,-060,-144,0016,0031,0000,0001,0000,2307,1455,1321,1501,1044,-114,-109,-110,0014,0025,0000,0001,0000,2288,1449,1315,1502,J
2373,1535,1352,1520,1100,0051,-088,0126,-016,0044,0000,0001,0000,2352,1515,1354,1525,1109,-175,-154,0339,-094,-114,0000,0001,0000,2336,1490,1354,1526,1104,-108,-096,0173,-044,-045,0000,0001,0000,2338,1501,1355,1522,1107,-082,-069,-056,-001,0026,0000,0001,0000,2337,1515,1351,1525,1108,-087,-074,-032,0008,0002,0000,0001,0000,2277,1488,1317,1486,J
1765,1660,2259,2370,1359,0027,-098,-037,0075,-027,0000,0000,0000,1714,1616,2205,2314,1323,0033,-091,-006,0044,0003,0000,0000,0000,1762,1666,2267,2375,1360,0023,-078,-027,0035,-025,0000,0000,0000,1767,1670,2262,2374,1361,0025,-078,0011,-010,0004,0000,0000,0000,1769,1665,2257,2371,1358,0025,-074,0002,-008,-005,0000,0000,0000,1721,1626,2209,2309,K
1831,1681,2258,2354,1350,0033,-097,-014,0015,0012,0000,0000,0000,1787,1643,2200,2302,1315,0018,-087,-052,0112,-017,0000,0000,0000,1836,1687,2259,2375,1355,0034,-089,-009,0033,-006,0000,0000,0000,1837,1686,2261,2355,1349,0023,-071,-009,-030,0003,0000,0000,0000,1839,1699,2262,2357,1348,0025,-074,0007,0000,0001,0000,0000,0000,1838,1689,2261,2354,K
1893,1715,2245,2386,1349,0024,-094,-004,0008,-007,0000,0000,0000,1890,1722,2250,2359,1355,0017,-076,-074,0084,-019,0000,0000,0000,1894,1722,2255,2358,1350,0030,-070,-021,0028,0012,0000,0000,0000,1898,1723,2251,2357,1346,0023,-074,0006,0005,0000,0000,0000,0000,1897,1728,2253,2352,1344,0022,-073,0008,-012,0000,0000,0000,0000,1901,1724,2247,2351,K
1664,1712,2243,2376,1329,0025,-088,-069,0111,-036,0000,0000,0000,1686,1717,2245,2386,1340,0016,-111,-037,0040,-008,0000,0000,0000,1695,1728,2253,2394,1338,0026,-071,0000,-043,0002,0000,0000,0000,1712,1734,2250,2374,1337,0025,-073,-001,-008,-006,0000,0000,0000,1669,1688,2192,2317,1296,0025,-077,0002,0004,0000,0000,0000,0000,1679,1682,2192,2317,K
1744,1747,2230,2359,1360,0019,-079,-098,0186,-057,0000,0000,0000,1750,1749,2252,2352,1359,0028,-084,-003,-017,-018,0000,0000,0000,1744,1757,2255,2353,1340,0026,-069,0016,0005,-014,0000,0000,0000,1700,1712,2193,2288,1303,0022,-077,0000,-005,-008,0000,0000,0000,1745,1765,2254,2347,1343,0023,-076,0000,0002,0000,0000,0000,0000,1746,1751,2253,2347,K
1776,1730,2249,2340,1328,0012,-088,-035,0152,-046,0000,0000,0000,1777,1731,2246,2340,1330,0019,-067,-007,0008,-020,0000,0000,0000,1773,1733,2249,2333,1328,0020,-075,0012,-004,0007,0000,0000,0000,1776,1728,2252,2336,1327,0022,-073,0004,-002,-002,0000,0000,0000,1731,1687,2187,2270,1287,0022,-075,0004,-002,0001,0000,0000,0000,1763,1735,2246,2310,K
1787,1705,2255,2338,1341,0014,-078,-115,0198,-061,0000,0000,0000,1789,1694,2256,2337,1343,0044,-121,0036,-064,-013,0000,0000,0000,1792,1707,2256,2340,1338,0026,-077,0021,-015,-002,0000,0000,0000,1744,1658,2195,2287,1315,0024,-078,-001,0000,-005,0000,0000,0000,1792,1706,2256,2346,1337,0024,-072,0007,-005,0003,0000,0000,0000,1791,1706,2256,2346,K
1825,1712,2256,2355,1343,0032,-100,-019,0028,-004,0000,0000,0000,1821,1712,2251,2349,1346,0031,-056,-077,0066,-023,0000,0000,0000,1776,1666,2194,2279,1305,0024,-052,-051,0014,-016,0000,0000,0000,1827,1715,2254,2341,1331,0023,-076,0035,-020,0018,0000,0000,0000,1831,1716,2247,2341,1328,0026,-072,-005,0004,-007,0000,0000,0000,1830,1714,2253,2334,K
1526,1585,1221,2336,1346,0030,-086,0006,0002,0000,0000,0000,0000,1471,1527,1184,2265,1307,0030,-087,0008,0000,0000,0000,0000,0000,1518,1584,1237,2323,1339,0031,-086,0000,0005,0000,0000,0000,0000,1523,1587,1233,2320,1342,0030,-087,-002,-001,0000,0000,0000,0000,1488,1535,1205,2259,1307,0030,-087,0000,0001,0000,0000,0000,0000,1530,1597,1239,2320,L
1533,1669,1333,2306,1333,0028,-085,-002,0002,0002,0000,0000,0000,1535,1674,1341,2307,1344,0030,-084,-001,-003,0002,0000,0000,0000,1535,1674,1335,2318,1344,0027,-085,-002,-003,0001,0000,0000,0000,1555,1678,1341,2320,1342,0027,-085,-001,-004,0002,0000,0000,0000,1516,1637,1307,2254,1303,0028,-086,-003,0003,0000,0000,0000,0000,1571,1693,1351,2311,L
1555,1702,1341,2318,1347,0026,-085,-001,0005,-001,0000,0000,0000,1554,1708,1338,2316,1348,0023,-087,0007,0000,0002,0000,0000,0000,1555,1711,1344,2302,1345,0024,-087,0001,0003,-002,0000,0000,0000,1559,1712,1349,2304,1345,0023,-087,-001,0001,-001,0000,0000,0000,1564,1713,1355,2301,1345,0024,-087,0003,0000,0000,0000,0000,0000,1520,1670,1318,2233,L
1525,1695,1318,2281,1345,0026,-091,-003,0000,0001,0000,0000,0000,1488,1648,1281,2238,1299,0025,-092,-004,-005,0006,0000,0000,0000,1489,1652,1298,2236,1306,0025,-092,-003,0000,-002,0000,0000,0000,1535,1698,1325,2285,1350,0024,-091,0013,0004,0000,0000,0000,0000,1535,1702,1328,2287,1346,0025,-093,0000,0003,0000,0000,0000,0000,1499,1654,1293,2226,L
1571,1674,1281,2229,1311,0024,-093,-007,-005,-001,0000,0000,0000,1613,1713,1325,2285,1349,0025,-092,0001,-002,-001,0000,0000,0000,1613,1715,1328,2285,1344,0024,-092,0002,0000,0000,0000,0000,0000,1616,1717,1325,2281,1347,0024,-092,-001,-001,0000,0000,0000,0000,1563,1675,1295,2222,1310,0024,-092,0000,-004,0000,0000,0000,0000,1581,1675,1295,2223,L
1566,1602,1274,2242,1302,0024,-091,0004,0002,-007,0000,0000,0000,1570,1586,1277,2247,1302,0022,-093,0000,0002,0002,0000,0000,0000,1581,1609,1281,2239,1307,0025,-092,-011,0000,0004,0000,0000,0000,1619,1655,1330,2295,1344,0021,-092,0000,0002,0000,0000,0000,0000,1626,1660,1333,2293,1312,0021,-092,0003,-001,0001,0000,0000,0000,1584,1618,1296,2225,L
1660,1761,1402,2321,1334,0020,-091,-002,-011,0002,0000,0000,0000,1663,1760,1399,2316,1340,0020,-094,0007,0011,-002,0000,0000,0000,1648,1767,1409,2307,1341,0020,-093,0001,0006,0002,0000,0000,0000,1653,1773,1408,2314,1342,0021,-091,-003,0001,-002,0000,0000,0000,1588,1709,1367,2246,1302,0021,-089,-006,0002,0001,0000,0000,0000,1631,1787,1409,2299,L
1616,1707,1330,2304,1343,0022,-092,0001,0001,0000,0000,0000,0000,1621,1707,1337,2304,1341,0022,-095,0002,-001,0000,0000,0000,0000,1623,1705,1341,2297,1341,0022,-093,0003,-002,0001,0000,0000,0000,1615,1707,1339,2295,1341,0022,-092,-001,-011,0004,0000,0000,0000,1630,1708,1339,2293,1341,0023,-095,-001,-001,0004,0000,0000,0000,1631,1710,1333,2297,L
1614,2490,2241,2333,1350,-011,0070,-010,-005,0002,0000,0001,0000,1616,2492,2240,2342,1347,-010,0069,0004,-002,0000,0000,0001,0000,1623,2493,2240,2347,1350,-010,0068,-008,-011,0006,0000,0001,0000,1650,2493,2241,2354,1357,-010,0068,0019,-004,-003,0000,0001,0000,1616,2425,2182,2287,1313,-010,0068,-005,0002,0002,0000,0001,0000,1663,2492,2240,2346,M
1745,2485,2230,2374,1300,-012,0064,-001,-010,0003,0000,0001,0000,1764,2486,2231,2366,1303,-013,0064,0002,0003,-006,0000,0001,0000,1786,2479,2224,2375,1316,-013,0064,0008,-010,0001,0000,0001,0000,1794,2481,2234,2378,1313,-012,0066,0011,-001,-005,0000,0001,0000,1769,2416,2167,2317,1268,-014,0061,0000,-006,0002,0000,0001,0000,1825,2489,2231,2369,M
1817,2485,2215,2283,1328,-013,0062,0014,-008,0003,0000,0001,0000,1712,2469,2245,2314,1349,-014,0059,0036,-033,-011,0000,0001,0000,1724,2299,2094,2143,1251,-012,0062,-052,0018,-007,0000,0001,0000,1774,2426,2178,2230,1299,-013,0062,-010,0012,0002,0000,0001,0000,1854,2471,2240,2288,1349,-010,0062,0029,-001,0001,0000,0001,0000,1775,2473,2242,2281,M
1632,2493,2243,2367,1278,-013,0064,0008,-040,-027,0000,0001,0000,1649,2491,2239,2362,1270,-014,0063,-003,-018,0008,0000,0001,0000,1662,2487,2235,2353,1296,-014,0063,-011,0008,0003,0000,0001,0000,1699,2481,2236,2355,1300,-015,0062,-052,-060,0043,0000,0001,0000,1711,2491,2237,2309,1296,-013,0062,0029,0009,0002,0000,0001,0000,1723,2485,2235,2346,M
1710,2487,2224,2318,1360,-020,0059,-004,-004,0000,0000,0001,0000,1686,2490,2224,2311,1359,-019,0059,0007,-002,-001,0000,0001,0000,1658,2495,2224,2304,1360,-019,0056,0004,-006,0000,0000,0001,0000,1679,2491,2225,2298,1357,-019,0057,0000,0001,0001,0000,0001,0000,1695,2484,2227,2292,1353,-020,0055,0009,-023,0005,0000,0001,0000,1707,2482,2224,2289,M
1754,2477,2231,2286,1349,-020,0064,-015,-002,0004,0000,0001,0000,1717,2415,2174,2234,1326,-020,0064,0007,0011,-007,0000,0001,0000,1771,2470,2234,2299,1353,-019,0062,0006,-008,0001,0000,0001,0000,1775,2480,2234,2303,1357,-020,0062,-006,-007,0003,0000,0001,0000,1722,2414,2175,2242,1314,-021,0058,0000,-009,-005,0000,0001,0000,1776,2469,2233,2303,M
1675,2480,2238,2295,1314,-023,0054,-010,-012,0002,0000,0001,0000,1707,2480,2237,2327,1315,-022,0054,-002,0004,-001,0000,0001,0000,1719,2480,2237,2322,1328,-022,0055,0006,0004,-002,0000,0001,0000,1756,2477,2235,2323,1334,-022,0054,0004,0000,0000,0000,0001,0000,1755,2480,2235,2321,1328,-022,0053,-008,-011,0003,0000,0001,0000,1776,2478,2230,2314,M
1821,2482,2231,2334,1344,-025,0056,-001,-002,0003,0000,0001,0000,1823,2480,2233,2331,1341,-026,0057,-001,0000,-003,0000,0001,0000,1823,2480,2234,2333,1349,-025,0056,0000,-009,0009,0000,0001,0000,1771,2416,2188,2270,1310,-026,0056,0006,-002,0007,0000,0001,0000,1828,2480,2229,2314,1344,-024,0055,0000,-001,0000,0000,0001,0000,1837,2477,2231,2311,M
1435,1520,2219,2366,1351,-031,0059,0000,0020,-008,0000,0001,0000,1398,1482,2160,2306,1315,-029,0062,-003,-008,-006,0000,0001,0000,1449,1527,2218,2367,1351,-028,0062,0013,-003,-006,0000,0001,0000,1443,1533,2218,2360,1345,-031,0060,0003,-020,-001,0000,0001,0000,1459,1535,2219,2366,1348,-030,0058,0004,-003,-004,0000,0001,0000,1427,1424,2064,2314,N
1468,1594,2165,2274,1265,-031,0051,0000,0000,-001,0000,0001,0000,1407,1525,2165,2304,1278,-030,0052,-001,-002,-002,0000,0001,0000,1510,1645,2223,2334,1302,-032,0052,0001,-001,-001,0000,0001,0000,1511,1643,2224,2333,1300,-031,0051,-004,-003,0000,0000,0001,0000,1456,1585,2154,2259,1258,-031,0052,0001,0001,0000,0000,0001,0000,1485,1600,2157,2257,N
1507,1648,2219,2043,1328,-028,0052,0000,0006,-005,0001,0001,0000,1505,1647,2223,2032,1324,-027,0052,0006,-013,0001,0001,0001,0000,1469,1601,2163,2033,1287,-028,0051,0002,0004,0002,0001,0001,0000,1511,1653,2224,2377,1326,-028,0052,-005,0003,0001,0000,0001,0000,1508,1651,2226,2373,1323,-028,0050,-005,-004,-002,0000,0001,0000,1519,1655,2226,2369,N
1524,1664,2225,2368,1328,-028,0059,0015,-022,-011,0000,0001,0000,1521,1669,2227,2367,1331,-026,0061,-004,0006,-003,0000,0001,0000,1483,1638,2070,2203,1296,-026,0062,-003,-007,0001,0000,0001,0000,1531,1669,2224,2366,1326,-025,0059,0001,-023,-001,0000,0001,0000,1525,1665,2214,2369,1311,-026,0058,0002,0000,0001,0000,0001,0000,1527,1675,2225,2368,N
1596,1697,2229,2343,1341,-029,0057,-004,-008,0005,0000,0001,0000,1488,1621,2171,2287,1301,-028,0056,0002,-007,0003,0000,0001,0000,1503,1680,2221,2349,1330,-029,0055,-003,-016,0006,0000,0001,0000,1516,1683,2224,2349,1339,-028,0053,0003,-002,0000,0000,0001,0000,1530,1687,2224,2349,1341,-028,0054,0002,-005,-003,0000,0001,0000,1533,1691,2228,2349,N
1519,1669,2224,2371,1353,-025,0051,-009,-003,-006,0000,0001,0000,1475,1665,2225,2368,1357,-026,0049,-003,-002,-004,0000,0001,0000,1477,1627,2162,2307,1312,-026,0050,-001,0004,0000,0000,0001,0000,1526,1675,2224,2372,1356,-025,0049,0009,0010,-009,0000,0001,0000,1534,1677,2224,2369,1354,-028,0051,0001,0001,-011,0000,0001,0000,1530,1677,2223,2361,N
1497,1642,2163,2261,1296,-037,0050,-012,-010,-006,0000,0001,0000,1509,1643,2161,2255,1296,-037,0049,-001,-003,0005,0000,0001,0000,1557,1690,2219,2314,1337,-035,0050,0006,0000,0000,0000,0001,0000,1557,1691,2211,2303,1332,-035,0050,-005,0001,0000,0000,0001,0000,1561,1693,2213,2299,1334,-035,0051,-006,-010,0008,0000,0001,0000,1563,1693,2214,2289,N
1520,1658,2067,2176,1291,-028,0062,-014,-005,-003,0000,0001,0000,1578,1710,2224,2337,1338,-028,0062,-005,0000,0004,0000,0001,0000,1583,1713,2228,2328,1347,-030,0063,0001,-007,0003,0000,0001,0000,1573,1712,2225,2319,1351,-028,0062,0000,0005,-001,0000,0001,0000,1557,1662,2175,2271,1314,-029,0061,-011,0000,0010,0000,0001,0000,1589,1712,2226,2323,N
1703,1523,1263,1682,0947,0048,-104,0003,-006,0000,0000,0001,0000,1683,1511,1259,1683,0939,0049,-102,0000,-002,0003,0000,0001,0000,1681,1506,1259,1682,0944,0052,-102,0000,0002,0001,0000,0001,0000,1664,1509,1250,1671,0939,0050,-103,-002,0003,0002,0000,0001,0000,1714,1561,1297,1731,0967,0050,-102,-001,0001,0000,0000,0001,0000,1670,1520,1265,1679,O
1649,1459,1232,1651,0976,0058,-109,0000,0000,0000,0000,0001,0000,1655,1465,1238,1653,0976,0058,-108,-003,-002,0000,0000,0001,0000,1630,1439,1203,1605,0944,0062,-108,0000,-005,0000,0000,0001,0000,1666,1482,1253,1662,0983,0058,-108,0000,-001,0000,0000,0001,0000,1679,1488,1255,1667,0981,0060,-109,-004,0003,0001,0000,0001,0000,1557,1446,1225,1641,O
1693,1490,1306,1648,1017,0057,-107,0000,0002,0001,0000,0001,0000,1696,1500,1309,1650,1009,0058,-108,-003,0000,0000,0000,0001,0000,1693,1494,1301,1650,1006,0060,-108,-002,0004,0002,0000,0001,0000,1692,1494,1311,1657,1007,0057,-107,-001,0000,0000,0000,0001,0000,1654,1456,1279,1616,0976,0056,-106,0002,-005,-003,0000,0001,0000,1712,1503,1318,1665,O
1584,1520,1267,1655,1034,0049,-107,-003,0003,0000,0000,0001,0000,1588,1525,1270,1661,1041,0049,-108,0010,-010,-006,0000,0001,0000,1595,1535,1285,1657,1055,0051,-108,0004,-012,0002,0000,0001,0000,1572,1497,1253,1630,1023,0047,-110,0005,-006,0000,0000,0001,0000,1559,1505,1253,1634,1023,0048,-110,0000,0007,0001,0000,0001,0000,1607,1562,1297,1680,O
1617,1523,1282,1651,1062,0041,-105,-001,0001,0000,0000,0001,0000,1570,1472,1239,1642,1062,0042,-105,-006,0004,0006,0000,0001,0000,1623,1530,1293,1659,1062,0036,-105,-001,0003,0000,0000,0001,0000,1629,1535,1294,1664,1062,0037,-105,0000,-005,-001,0000,0001,0000,1582,1488,1264,1610,0999,0040,-106,-001,0000,0001,0000,0001,0000,1631,1533,1296,1665,O
1615,1495,1282,1648,1041,0042,-107,0004,-006,-002,0000,0001,0000,1616,1501,1285,1648,1045,0044,-107,0002,-004,0000,0000,0001,0000,1660,1535,1319,1697,1079,0043,-108,0000,0002,-001,0000,0001,0000,1607,1495,1285,1645,1047,0045,-108,-002,0001,0000,0000,0001,0000,1664,1559,1328,1694,1084,0044,-107,-004,0007,0000,0000,0001,0000,1662,1563,1328,1696,O
1472,1520,1313,1602,1064,0053,-102,-001,-009,0003,0000,0001,0000,1511,1584,1360,1648,1050,0050,-101,0000,0002,-003,0000,0001,0000,1475,1535,1323,1613,1017,0053,-102,-008,-006,0002,0000,0001,0000,1520,1585,1360,1664,1057,0055,-103,0000,0000,0002,0000,0001,0000,1475,1534,1324,1619,1019,0048,-102,0000,-003,0001,0000,0001,0000,1478,1532,1328,1639,O
1519,1535,1293,1605,1042,0051,-103,-002,-001,-002,0000,0001,0000,1582,1594,1349,1665,1095,0052,-106,-004,0011,-001,0000,0001,0000,1583,1597,1354,1673,1088,0049,-103,-008,0007,0001,0000,0001,0000,1535,1457,1250,1618,1063,0048,-103,-005,-006,0001,0000,0001,0000,1575,1600,1358,1679,1072,0048,-104,0002,-005,-001,0000,0001,0000,1578,1600,1362,1671,O
1497,1705,2192,2383,1243,-121,-004,0002,0001,0000,0000,0000,0000,1535,1753,2250,2427,1338,-120,-006,0000,0003,0000,0000,0000,0000,1535,1756,2251,2428,1339,-121,-004,0000,0000,0000,0000,0000,0000,1535,1758,2247,2419,1337,-121,-005,0004,0000,0000,0000,0000,0000,1535,1753,2249,2423,1339,-120,-005,0001,0002,0001,0000,0000,0000,1554,1747,2247,2418,P
1535,1712,2247,2397,1360,-115,-012,-002,0007,-011,0000,0000,0000,1526,1600,2096,2329,1331,-118,-008,-009,-004,0000,0000,0000,0000,1564,1721,2244,2391,1358,-117,-010,-002,0002,0003,0000,0000,0000,1566,1723,2250,2395,1362,-116,-010,-003,0000,-003,0000,0000,0000,1515,1681,2191,2325,1320,-118,-010,0000,0000,-001,0000,0000,0000,1569,1730,2243,2390,P
1585,1751,2245,2391,1361,-116,-009,0002,-003,0000,0000,0000,0000,1586,1753,2246,2385,1360,-116,-010,0003,0000,0000,0000,0000,0000,1591,1756,2249,2393,1361,-116,-008,-003,-013,0003,0000,0000,0000,1535,1712,2187,2327,1327,-118,-007,0002,0000,0000,0000,0000,0000,1586,1759,2246,2389,1365,-120,-004,-007,0006,0000,0000,0000,0000,1590,1758,2242,2387,P
1535,1744,2247,2385,1367,-122,-010,0001,-001,0000,0000,0000,0000,1502,1702,2192,2324,1334,-122,-013,0000,0005,-001,0000,0000,0000,1557,1751,2249,2391,1369,-122,-012,0002,-007,-002,0000,0000,0000,1562,1776,2255,2387,1374,-122,-014,0000,0005,0001,0000,0000,0000,1566,1776,2251,2384,1374,-122,-012,0000,-002,0000,0000,0000,0000,1570,1783,2250,2386,P
1615,1807,2254,2387,1370,-115,-014,-004,0003,0001,0000,0000,0000,1616,1808,2249,2391,1371,-114,-019,0004,-014,0002,0000,0000,0000,1580,1762,2192,2325,1333,-117,-012,-003,0005,0000,0000,0000,0000,1618,1818,2254,2385,1370,-115,-015,0003,0005,-004,0000,0000,0000,1621,1811,2246,2384,1363,-115,-014,-001,-003,-001,0000,0000,0000,1617,1809,2247,2381,P
1680,1921,2246,2384,1372,-111,-016,-002,0010,-004,0000,0000,0000,1678,1895,2243,2385,1373,-113,-014,-002,-002,0001,0000,0000,0000,1665,1873,2255,2383,1370,-112,-014,-006,-006,-005,0000,0000,0000,1634,1807,2245,2382,1370,-111,-018,0000,0003,-001,0000,0000,0000,1609,1774,2192,2320,1329,-111,-016,0000,0000,0000,0000,0000,0000,1648,1818,2245,2375,P
1603,1755,2185,2314,1335,-107,-017,-006,-003,0001,0000,0000,0000,1739,1858,2235,2374,1360,-122,-006,-302,0104,0158,0000,0000,0000,1881,1922,2224,2391,1345,-135,-135,-069,-021,0032,0000,0000,0000,1889,1921,2224,2384,1349,-141,-161,0034,0060,-045,0000,0000,0000,1642,1777,2174,2313,1327,-114,-020,0157,-063,-105,0000,0000,0000,1697,1831,2239,2379,P
1616,1785,2246,2380,1366,-101,-020,0000,-022,-004,0000,0000,0000,1482,1668,2182,2344,1330,-101,-021,0021,-001,-001,0000,0000,0000,1607,1815,2241,2381,1373,-105,-016,0001,0004,-002,0000,0000,0000,1616,1822,2242,2390,1366,-106,-017,-006,0005,0001,0000,0000,0000,1623,1831,2241,2383,1372,-105,-017,-002,-002,0002,0000,0000,0000,1586,1777,2190,2320,P
1390,1563,1184,2352,1216,-036,0075,0003,0003,-007,0000,0000,0001,1392,1565,1185,2348,1213,-033,0077,-013,0003,-006,0000,0000,0001,1392,1566,1189,2343,1203,-034,0077,-013,-012,0006,0000,0000,0001,1397,1571,1193,2342,1201,-034,0076,-008,0000,0006,0000,0000,0001,1360,1520,1158,2279,1178,-033,0080,0000,0004,0000,0000,0000,0001,1402,1564,1201,2353,Q
1517,1693,1355,2342,1267,-027,0066,0000,-001,0001,0000,0000,0001,1519,1694,1353,2339,1266,-027,0066,0001,0000,-002,0000,0000,0001,1517,1693,1355,2336,1261,-025,0066,-017,-042,0007,0000,0000,0001,1475,1642,1314,2277,1229,-027,0066,0002,0005,0000,0000,0000,0001,1472,1653,1315,2277,1221,-027,0066,-005,0000,0000,0000,0000,0001,1519,1703,1360,2336,Q
1603,1722,1371,2320,1242,-028,0075,0003,0000,-001,0000,0000,0001,1601,1723,1375,2322,1241,-030,0074,0000,-011,0001,0000,0000,0001,1535,1662,1327,2237,1195,-031,0074,-004,0002,0002,0000,0000,0001,1602,1722,1374,2319,1243,-031,0074,0003,0001,-001,0000,0000,0001,1565,1679,1355,2169,1152,-030,0074,0006,0010,0000,0000,0000,0001,4095,4095,4095,4095,Q
1606,1723,1381,2339,1281,-023,0071,0003,-005,-001,0000,0000,0001,1566,1680,1329,2282,1248,-023,0070,-002,-002,-001,0000,0000,0001,1610,1722,1361,2336,1280,-023,0070,-003,-004,0000,0000,0000,0001,1568,1679,1333,2276,1244,-024,0071,0001,0017,-001,0000,0000,0001,1612,1728,1376,2320,1280,-023,0069,-002,-005,-002,0000,0000,0001,1616,1728,1385,2343,Q
1648,1758,1392,2326,1298,-028,0067,0012,0003,-007,0000,0000,0001,1597,1709,1351,2263,1254,-028,0068,-007,-007,0006,0000,0000,0001,1648,1775,1403,2321,1287,-027,0068,-004,-005,0002,0000,0000,0001,1649,1776,1408,2321,1289,-027,0066,0004,-007,-001,0000,0000,0001,1652,1767,1408,2322,1291,-027,0067,0008,0001,-004,0000,0000,0001,1651,1773,1405,2321,Q
1648,1759,1386,2341,1306,-025,0061,-006,-014,0008,0000,0000,0001,1648,1767,1387,2349,1319,-025,0060,0000,0000,-001,0000,0000,0001,1649,1766,1385,2344,1315,-025,0059,-028,-007,0014,0000,0000,0001,1649,1763,1382,2345,1313,-025,0060,-003,0008,0001,0000,0000,0001,1649,1767,1386,2338,1310,-024,0061,0001,0000,-001,0000,0000,0001,1520,1731,1339,2259,Q
1666,1776,1390,2351,1325,-026,0067,0000,0002,-004,0000,0000,0001,1622,1716,1353,2352,1329,-024,0068,-008,-018,0000,0000,0000,0001,1621,1716,1329,2341,1328,-025,0066,0002,0000,-005,0000,0000,0001,1623,1715,1329,2325,1333,-024,0067,-019,-011,0008,0000,0000,0001,1627,1717,1329,2301,1328,-029,0065,-007,0016,-002,0000,0000,0001,1633,1726,1360,2298,Q
1406,1597,1207,2368,1283,-014,0076,-012,-008,-004,0000,0000,0001,1410,1597,1215,2354,1289,-019,0073,-003,0027,-005,0000,0000,0001,1415,1600,1206,2361,1302,-017,0076,0009,0012,0005,0000,0000,0001,1417,1602,1221,2358,1299,-016,0075,0005,0002,0001,0000,0000,0001,1423,1602,1227,2365,1302,-018,0073,-002,-001,0001,0000,0000,0001,1424,1607,1235,2358,Q
1648,1569,2000,1845,1043,0038,-105,0006,0001,0019,0001,0000,0000,1649,1565,2002,1846,1053,0034,-105,0000,0015,0002,0001,0000,0000,1647,1561,2002,2361,1075,0041,-105,0004,-001,-001,0001,0000,0000,1648,1567,2000,2350,1078,0038,-105,-005,-022,0006,0001,0000,0000,1648,1566,1998,2352,1082,0038,-105,0002,-003,-002,0001,0000,0000,1647,1567,1997,2350,R
1535,1535,2006,2310,1073,0048,-097,0022,0000,0001,0001,0000,0000,1433,1458,1954,2272,1044,0045,-098,0005,-002,0002,0001,0000,0000,1559,1587,2000,2317,1082,0049,-098,-004,0007,0003,0001,0000,0000,1558,1586,1993,2303,1084,0046,-099,0010,-012,-003,0001,0000,0000,1569,1591,2000,2314,1095,0047,-100,-003,-005,0003,0001,0000,0000,1569,1595,1993,2307,R
1669,1627,2160,2256,1173,0024,-096,-032,-019,0003,0001,0000,0000,1651,1614,2078,2259,1205,0019,-094,-013,-007,0006,0001,0000,0000,1652,1615,2057,2257,1279,0028,-102,0011,0027,-001,0001,0000,0000,1665,1639,2112,2224,1263,0030,-091,-002,-019,0006,0001,0000,0000,1662,1633,2093,2213,1267,0028,-097,0034,0014,-010,0001,0000,0000,1627,1594,2058,2206,R
1535,1594,2013,1771,1137,0035,-089,0002,0003,0003,0001,0000,0000,1476,1535,1937,1556,1082,0036,-089,0008,0009,-005,0001,0000,0000,1535,1594,1996,1754,1141,0033,-088,0008,0005,-001,0001,0000,0000,1535,1591,2000,1747,1142,0036,-087,0013,0006,0001,0001,0000,0000,1483,1521,1927,1535,1089,0038,-091,0027,0032,-005,0001,0000,0000,1535,1583,1995,1741,R
1535,1564,2047,1834,1121,0035,-089,0012,0015,0000,0001,0000,0000,1535,1566,2059,1835,1126,0033,-088,-001,-006,0005,0001,0000,0000,1485,1486,1970,1589,1060,0035,-092,0004,0003,0000,0001,0000,0000,1488,1495,1982,1587,1066,0035,-087,0005,0004,0001,0001,0000,0000,1561,1562,2059,1829,1129,0033,-089,0007,0005,-001,0001,0000,0000,1490,1486,1982,1597,R
4095,4095,4095,4095,4095,0039,-093,-049,-009,0011,0001,0000,0000,1689,1629,2128,1828,1349,0040,-097,0010,0004,-007,0001,0000,0000,1557,1472,2012,1615,1282,0041,-089,-075,-002,0000,0001,0000,0000,1502,1609,2096,1840,1151,0038,-092,-008,0010,-002,0001,0000,0000,1488,1581,2103,1842,1131,0039,-087,-008,-014,0004,0001,0000,0000,1438,1477,2005,1621,R
1488,1499,2010,2224,1022,0033,-089,0005,-002,-003,0001,0000,0000,1520,1535,2070,2265,1115,0033,-090,0003,-001,-002,0001,0000,0000,1525,1535,2071,2267,1115,0035,-089,-003,0000,-001,0001,0000,0000,1478,1491,2002,2198,1078,0033,-088,0000,-001,0000,0001,0000,0000,1531,1535,2081,2256,1118,0034,-089,-006,-007,-001,0001,0000,0000,1530,1554,2079,2256,R
1433,1565,2038,1855,1115,0055,-097,-006,0007,0010,0001,0000,0000,1427,1559,2047,1853,1097,0061,-099,-006,0028,0006,0001,0000,0000,1431,1579,2041,1851,1104,0050,-100,0004,0002,0001,0001,0000,0000,1437,1578,2046,1849,1104,0054,-099,0008,0007,0000,0001,0000,0000,1445,1584,2044,1847,1113,0052,-098,0004,0009,0000,0001,0000,0000,1428,1584,2038,1839,R
1317,1392,1121,1463,0955,0035,-073,-002,-005,0000,0001,0001,0000,1319,1395,1126,1467,0959,0038,-074,0001,0004,0000,0001,0001,0000,1318,1392,1123,1469,0961,0036,-074,-002,0009,0002,0001,0001,0000,1319,1390,1130,1466,0959,0038,-073,0004,-002,0000,0001,0001,0000,1327,1392,1127,1472,0957,0037,-073,0003,0003,0000,0001,0001,0000,1320,1394,1134,1469,S
1359,1391,1137,1456,0922,0042,-078,0006,-003,-003,0001,0001,0000,1320,1353,1107,1415,0893,0040,-077,0001,-009,0000,0001,0001,0000,1360,1399,1145,1469,0934,0042,-078,0005,0000,0000,0001,0001,0000,1361,1402,1143,1469,0928,0041,-075,-001,-003,0000,0001,0001,0000,1363,1405,1142,1471,0931,0042,-074,0001,-001,0001,0001,0001,0000,1365,1405,1149,1458,S
1341,1377,1162,1477,1008,0043,-080,-001,0000,0000,0001,0001,0000,1344,1377,1158,1483,1008,0045,-081,0004,0003,-005,0001,0001,0000,1307,1340,1127,1447,0992,0044,-081,0005,-008,0000,0001,0001,0000,1344,1379,1177,1482,1008,0044,-080,-005,-004,0003,0001,0001,0000,1344,1389,1162,1488,1008,0043,-080,-002,-001,-001,0001,0001,0000,1313,1350,1131,1450,S
1327,1352,1130,1476,0982,0052,-060,-001,0039,0012,0001,0001,0000,1298,1319,1101,1446,0950,0039,-068,-002,0021,0004,0001,0001,0000,1337,1360,1138,1477,0972,0040,-068,-002,0015,0003,0001,0001,0000,1337,1369,1152,1449,0971,0039,-071,-004,0018,0005,0001,0001,0000,1342,1370,1150,1451,0976,0036,-068,0000,0008,0006,0001,0001,0000,1347,1381,1154,1456,S
1262,1297,1068,1433,0959,0037,-081,-001,0000,0001,0001,0001,0000,1312,1342,1104,1481,0981,0032,-079,0014,-005,0000,0001,0001,0000,1322,1344,1114,1487,0994,0035,-082,0001,0003,-004,0001,0001,0000,1265,1245,1021,1447,0976,0035,-082,0004,0001,-001,0001,0001,0000,1325,1357,1110,1491,0992,0035,-081,-004,0001,0000,0001,0001,0000,1328,1360,1119,1503,S
1237,1293,1049,1396,1347,0063,-096,-012,0019,-006,0001,0001,0000,1232,1279,1062,1421,1250,0044,-085,-012,-019,-009,0001,0001,0000,1249,1316,1083,1429,0976,0038,-081,-002,0010,0010,0001,0001,0000,1232,1296,1070,1399,0979,0037,-082,0002,-001,0001,0001,0001,0000,1280,1349,1106,1447,1022,0036,-080,-003,0008,-002,0001,0001,0000,1286,1360,1119,1458,S
1410,1350,1135,1503,1037,0040,-083,-001,0003,0003,0001,0001,0000,1417,1347,1136,1507,1038,0038,-082,0003,-002,0000,0001,0001,0000,1421,1355,1138,1504,1040,0035,-083,-002,-014,-009,0001,0001,0000,1420,1357,1138,1505,1040,0041,-082,-005,0021,0000,0001,0001,0000,1423,1360,1147,1505,1037,0042,-081,0000,-022,0001,0001,0001,0000,1386,1325,1109,1470,S
1361,1358,1141,1474,1000,0046,-084,-004,-001,0000,0001,0001,0000,1263,1247,1058,1453,0970,0045,-083,0000,0000,0001,0001,0001,0000,1371,1371,1140,1486,1007,0043,-080,0000,-009,0004,0001,0001,0000,1342,1331,1108,1455,0976,0043,-083,-002,0005,0000,0001,0001,0000,1379,1381,1147,1504,0989,0044,-081,0000,0003,0003,0001,0001,0000,1385,1385,1152,1498,S
2341,2355,2117,1479,1097,0034,-100,-001,-005,-001,0000,0000,0000,2379,2526,2269,1600,1119,0029,-098,0000,0000,0000,0000,0000,0000,2373,2526,2267,1601,1120,0031,-100,-001,-001,0000,0000,0000,0000,2375,2525,2270,1607,1120,0031,-098,0004,0000,0000,0000,0000,0000,2378,2522,2270,1601,1123,0030,-099,0011,0002,-001,0000,0000,0000,2381,2523,2273,1613,T
2306,2449,2207,1557,1105,0029,-102,0005,0009,0001,0000,0000,0000,2363,2515,2261,1600,1138,0028,-098,-001,-005,0004,0000,0000,0000,2359,2513,2272,1609,1140,0027,-100,-009,0000,0001,0000,0000,0000,2350,2513,2261,1603,1137,0028,-100,0004,-005,-001,0000,0000,0000,2352,2515,2271,1603,1141,0029,-100,0003,-002,0000,0000,0000,0000,2353,2513,2268,1611,T
2313,2451,2211,1535,1088,0037,-103,0007,0005,0000,0000,0000,0000,2382,2519,2267,1587,1119,0035,-102,0000,-003,-001,0000,0000,0000,2378,2522,2272,1535,1123,0032,-103,-001,0002,0000,0000,0000,0000,2377,2512,2269,1595,1110,0033,-102,-002,0000,0000,0000,0000,0000,2375,2519,2267,1595,1115,0031,-102,0003,0016,-001,0000,0000,0000,2373,2519,2267,1600,T
2320,2449,2235,1473,0977,0032,-105,0002,0004,0000,0000,0000,0000,2383,2512,2275,1594,1065,0032,-104,0000,-004,0001,0000,0000,0000,2381,2512,2273,1600,1058,0030,-105,-007,-003,0001,0000,0000,0000,2383,2505,2272,1595,1059,0034,-103,0006,0001,0002,0000,0000,0000,2384,2512,2267,1595,1062,0033,-105,0004,0007,0000,0000,0000,0000,2379,2512,2267,1600,T
2372,2522,2265,1651,1005,0034,-102,0004,0002,0000,0000,0000,0000,2314,2457,2207,1609,0964,0033,-102,-009,0000,0000,0000,0000,0000,2314,2457,2210,1610,0960,0033,-101,0004,0002,0002,0000,0000,0000,2377,2515,2263,1651,0990,0035,-102,-003,-007,0000,0000,0000,0000,2375,2518,2265,1652,0995,0034,-103,0003,0002,-002,0000,0000,0000,2374,2517,2265,1663,T
2384,2528,2271,1578,1043,0031,-105,0001,0000,0000,0000,0000,0000,2383,2526,2269,1579,1047,0031,-101,0006,-017,-004,0000,0000,0000,2384,2518,2273,1584,1071,0031,-106,0005,0006,-003,0000,0000,0000,2382,2523,2265,1589,1056,0035,-106,-013,0002,0026,0000,0000,0000,2378,2523,2270,1587,1049,0026,-105,0002,-015,-005,0000,0000,0000,2314,2457,2208,1535,T
2379,2513,2275,1626,1043,0027,-100,-007,0009,0002,0000,0000,0000,2378,2518,2277,1627,1046,0025,-102,-015,-014,0000,0000,0000,0000,2379,2514,2277,1602,1035,0023,-102,-024,-010,-002,0000,0000,0000,2380,2519,2268,1605,1035,0029,-100,0001,-014,0000,0000,0000,0000,2371,2515,2275,1614,1040,0030,-101,0004,-004,-002,0000,0000,0000,2371,2512,2273,1616,T
2358,2512,2269,1598,1081,0033,-101,0000,-001,0001,0000,0000,0000,2359,2512,2269,1599,1083,0031,-102,0002,-003,0000,0000,0000,0000,2295,2450,2212,1552,1049,0032,-101,0002,0004,-003,0000,0000,0000,2353,2512,2260,1571,1056,0032,-101,-001,-001,0000,0000,0000,0000,2356,2512,2269,1600,1079,0031,-102,0002,0005,0001,0000,0000,0000,2354,2517,2266,1600,T
1312,1418,2188,2329,1104,0046,-104,0005,0006,0000,0000,0001,0000,1357,1467,2256,2411,1157,0044,-101,0009,-006,-007,0000,0001,0000,1360,1467,2263,2403,1158,0042,-100,-006,-021,-004,0000,0001,0000,1360,1474,2259,2401,1156,0043,-102,0001,-016,-008,0000,0001,0000,1363,1481,2266,2401,1163,0044,-103,-003,-006,0000,0000,0001,0000,1367,1479,2261,2397,U
1413,1535,2263,2400,1136,0043,-100,0014,-022,0003,0000,0001,0000,1414,1535,2269,2389,1131,0040,-104,0000,-003,-002,0000,0001,0000,1421,1535,2271,2390,1142,0041,-102,0000,0000,0000,0000,0001,0000,1424,1535,2270,2386,1151,0043,-103,0005,0013,0004,0000,0001,0000,1385,1507,2212,2320,1129,0035,-103,-002,-026,-004,0000,0001,0000,1425,1556,2269,2383,U
1618,1482,2243,2348,1143,0038,-094,0000,-003,-006,0000,0001,0000,1626,1490,2247,2374,1168,0037,-095,0002,0018,0007,0000,0001,0000,1626,1503,2240,2375,1170,0039,-095,0003,0000,-004,0000,0001,0000,1630,1503,2241,2365,1169,0038,-095,0003,-006,-003,0000,0001,0000,1632,1510,2242,2367,1168,0038,-095,-001,0001,0000,0000,0001,0000,1632,1514,2244,2365,U
1573,1419,2094,2269,1078,0049,-098,-005,-006,0000,0000,0001,0000,1703,1535,2251,2318,1116,0050,-101,0000,0012,0001,0000,0001,0000,1713,1553,2256,2323,1150,0043,-099,-001,-006,0003,0000,0001,0000,1713,1561,2256,2325,1126,0048,-097,0006,-011,0001,0000,0001,0000,1653,1514,2197,2269,1120,0050,-102,0003,0007,-001,0000,0001,0000,1710,1561,2256,2327,U
1510,1677,2271,2365,1123,0048,-099,-003,-014,-001,0000,0001,0000,1504,1663,2269,2353,1120,0056,-103,-001,-002,-001,0000,0001,0000,1519,1670,2266,2343,1123,0054,-102,0000,0001,-001,0000,0001,0000,1520,1680,2258,2349,1133,0047,-101,0000,-012,-005,0000,0001,0000,1489,1641,2203,2288,1099,0054,-103,-003,0005,0004,0000,0001,0000,1535,1685,2265,2333,U
1590,1705,2262,2351,1136,0057,-100,0003,0007,-001,0000,0001,0000,1594,1701,2263,2348,1141,0050,-099,-001,-003,0001,0000,0001,0000,1591,1700,2261,2339,1139,0054,-101,0007,-002,-001,0000,0001,0000,1592,1680,2258,2352,1146,0061,-104,0009,0003,-004,0000,0001,0000,1557,1639,2210,2290,1113,0057,-104,-006,0005,0007,0000,0001,0000,1574,1675,2259,2346,U
1663,1522,2150,2261,1127,0057,-111,0001,-001,0000,0000,0001,0000,1725,1584,2227,2318,1159,0058,-109,-001,0001,0000,0000,0001,0000,1744,1600,2205,2313,1153,0053,-107,-002,0000,-008,0000,0001,0000,1791,1631,2195,2307,1169,0067,-112,-001,0002,-001,0000,0001,0000,1811,1646,2172,2287,1146,0056,-111,0007,0007,0000,0000,0001,0000,1827,1648,2173,2270,U
1744,1515,2256,2358,1191,0066,-110,0002,0021,0001,0000,0001,0000,1743,1516,2244,2352,1183,0055,-105,-002,0013,0000,0000,0001,0000,1747,1519,2250,2352,1217,0058,-105,0002,0007,-006,0000,0001,0000,1713,1491,2240,2364,1189,0052,-102,0004,-019,0007,0000,0001,0000,1712,1488,2254,2369,1185,0052,-107,0000,-004,0001,0000,0001,0000,1712,1488,2251,2367,U
1787,1598,2265,2342,1170,0076,-106,-004,-004,0002,0000,0000,0000,1789,1596,2256,2341,1175,0082,-107,0000,-003,0002,0000,0000,0000,1785,1597,2259,2341,1173,0087,-108,0004,0002,-004,0000,0000,0000,1790,1599,2262,2349,1177,0078,-105,0000,-003,0002,0000,0000,0000,1738,1556,2199,2288,1145,0077,-107,0002,-005,-001,0000,0000,0000,1786,1607,2262,2352,V
1808,1570,2255,2379,1198,0037,-111,-001,0010,0004,0000,0000,0000,1747,1525,2195,2327,1152,0032,-104,0007,-021,0000,0000,0000,0000,1749,1522,2192,2307,1155,0032,-106,-001,0011,-003,0000,0000,0000,1801,1580,2254,2367,1189,0031,-104,-001,-015,0000,0000,0000,0000,1805,1575,2256,2355,1189,0033,-105,0002,0001,0000,0000,0000,0000,1803,1580,2250,2365,V
1837,1586,2241,2366,1173,0035,-107,0000,-001,-002,0000,0000,0000,1837,1591,2242,2374,1181,0036,-107,0004,-001,-002,0000,0000,0000,1850,1591,2241,2368,1184,0034,-108,0000,0001,0001,0000,0000,0000,1840,1594,2241,2367,1189,0036,-107,0002,0009,-003,0000,0000,0000,1842,1595,2238,2368,1191,0035,-106,0001,-003,0000,0000,0000,0000,1841,1587,2239,2362,V
1760,1581,2211,2375,1210,0029,-100,-002,-001,0000,0000,0000,0000,1717,1533,2159,2315,1175,0031,-101,0000,0002,-002,0000,0000,0000,1763,1584,2213,2375,1214,0029,-097,-006,-004,0003,0000,0000,0000,1763,1584,2192,2370,1210,0030,-101,0000,0000,0001,0000,0000,0000,1779,1587,2213,2371,1213,0028,-099,0000,-003,-001,0000,0000,0000,1709,1535,2160,2302,V
1829,1606,2224,2363,1203,0037,-101,0001,0007,-002,0000,0000,0000,1835,1610,2224,2367,1206,0037,-101,0000,-003,-002,0000,0000,0000,1835,1601,2213,2361,1201,0034,-099,0007,0001,-002,0000,0000,0000,1836,1609,2219,2363,1193,0038,-100,-004,0005,-004,0000,0000,0000,1839,1609,2213,2369,1187,0039,-098,0004,-004,0001,0000,0000,0000,1787,1567,2151,2305,V
1838,1535,2206,2352,1199,0038,-101,0000,-005,0001,0000,0000,0000,1791,1490,2142,2288,1168,0043,-104,-010,0007,0000,0000,0000,0000,1840,1535,2183,2355,1202,0042,-102,-003,0005,-002,0000,0000,0000,1840,1534,2177,2351,1172,0038,-102,0003,0003,0002,0000,0000,0000,1840,1535,2167,2350,1198,0032,-098,-001,0001,-001,0000,0000,0000,1834,1535,2160,2301,V
1831,1535,2230,2401,1198,0049,-109,0001,0009,0000,0000,0000,0000,1783,1517,2173,2348,1159,0043,-108,0001,-010,0000,0000,0000,0000,1840,1535,2231,2399,1193,0044,-108,0000,0003,-004,0000,0000,0000,1841,1535,2231,2387,1191,0044,-108,0006,0001,-003,0000,0000,0000,1840,1535,2224,2385,1198,0047,-108,0001,0010,0001,0000,0000,0000,1842,1535,2220,2383,V
1759,1497,2242,2395,1249,0028,-105,0012,-013,0000,0000,0000,0000,1771,1503,2243,2391,1254,0037,-108,0001,0020,0000,0000,0000,0000,1786,1499,2248,2399,1245,0045,-108,0003,0004,0003,0000,0000,0000,1790,1507,2245,2393,1244,0033,-108,0002,-014,0003,0000,0000,0000,1787,1510,2244,2401,1238,0041,-109,0007,0008,0000,0000,0000,0000,1744,1469,2191,2334,V
1466,2523,2245,2397,1227,0041,-090,-001,-001,0000,0000,0000,0000,1473,2524,2237,2390,1219,0043,-092,0004,-001,0000,0000,0000,0000,1450,2448,2179,2325,1170,0041,-092,-002,-001,0000,0000,0000,0000,1481,2519,2237,2384,1211,0044,-091,0002,-003,0000,0000,0000,0000,1445,2448,2174,2310,1169,0041,-093,0000,-002,-001,0000,0000,0000,1478,2512,2227,2359,W
1565,2497,2231,2390,1241,0037,-091,-001,-004,0000,0000,0000,0000,1569,2495,2238,2389,1244,0037,-093,0000,0005,0000,0000,0000,0000,1571,2497,2240,2393,1239,0037,-091,0002,-007,0000,0000,0000,0000,1568,2500,2246,2396,1242,0040,-091,-001,0000,0000,0000,0000,0000,1575,2503,2241,2392,1233,0038,-092,0001,-004,0000,0000,0000,0000,1515,2421,2166,2320,W
1498,2490,2239,2383,1211,0048,-092,0004,0002,0000,0000,0000,0000,1507,2493,2227,2381,1211,0049,-091,0000,0009,0000,0000,0000,0000,1519,2497,2231,2375,1215,0048,-093,0006,-001,0005,0000,0000,0000,1519,2494,2237,2379,1215,0049,-093,0001,-001,-002,0000,0000,0000,1520,2496,2233,2373,1216,0051,-093,-002,0000,0002,0000,0000,0000,1511,2511,2234,2370,W
1488,2480,2203,2320,1196,0054,-088,0002,0005,0000,0000,0000,0000,1494,2481,2222,2353,1203,0054,-089,-001,-004,0001,0000,0000,0000,1501,2480,2213,2351,1214,0054,-090,-001,0008,0003,0000,0000,0000,1495,2474,2215,2353,1210,0053,-088,-001,-002,0002,0000,0000,0000,1494,2481,2221,2356,1216,0054,-089,0000,0004,0002,0000,0000,0000,1504,2484,2219,2354,W
1478,2514,2238,2370,1168,0048,-083,-002,0010,0009,0000,0000,0000,1479,2517,2237,2359,1157,0041,-087,0014,-014,-014,0000,0000,0000,1487,2515,2241,2357,1123,0048,-089,0000,0000,0000,0000,0000,0000,1463,2515,2239,2347,1126,0048,-089,0000,0010,0003,0000,0000,0000,1426,2448,2182,2288,1102,0046,-089,0009,-009,0000,0000,0000,0000,1456,2515,2243,2350,W
1472,2499,2229,2337,1143,0051,-099,-003,0007,-010,0000,0000,0000,1477,2502,2226,2335,1149,0045,-092,-003,0022,0008,0000,0000,0000,1481,2502,2226,2326,1147,0041,-088,-011,0007,0011,0000,0000,0000,1440,2435,2165,2262,1117,0040,-091,0001,-020,-001,0000,0000,0000,1450,2443,2170,2263,1121,0042,-090,0003,0005,0000,0000,0000,0000,1485,2501,2224,2327,W
1493,2497,2237,2371,1190,0054,-094,0001,0000,-001,0000,0000,0000,1446,2434,2189,2307,1171,0053,-095,0002,-001,-003,0000,0000,0000,1488,2499,2240,2359,1201,0051,-095,0000,-004,-002,0000,0000,0000,1488,2497,2235,2352,1203,0054,-095,0002,0001,0000,0000,0000,0000,1488,2497,2229,2339,1199,0055,-094,0001,0001,0000,0000,0000,0000,1461,2421,2173,2272,W
1501,2497,2250,2388,1239,0054,-095,0006,0000,0000,0000,0000,0000,1501,2499,2242,2388,1246,0052,-094,0004,0003,-003,0000,0000,0000,1507,2496,2240,2375,1246,0050,-096,-001,-003,0005,0000,0000,0000,1504,2495,2238,2371,1234,0053,-096,0003,-005,-003,0000,0000,0000,1457,2415,2172,2299,1199,0050,-095,0001,0000,-003,0000,0000,0000,1513,2497,2235,2375,W
1374,1442,1140,1831,0896,-105,0014,0007,0036,0028,0000,0000,0000,1378,1454,1141,1829,0901,-112,0000,0076,0090,0096,0000,0000,0000,1339,1411,1116,1781,0879,-113,-009,-024,0035,-047,0000,0000,0000,1379,1453,1153,1827,0903,-113,0001,-005,-013,-004,0000,0000,0000,1381,1457,1149,1814,0908,-112,0006,0000,-028,0002,0000,0000,0000,1382,1457,1153,1818,X
1392,1498,1198,1849,0880,-100,0011,0003,0023,-006,0000,0000,0000,1435,1535,1232,1892,0905,-102,0004,0026,0068,0074,0000,0000,0000,1393,1504,1200,1838,0880,-106,-017,-009,0044,-016,0000,0000,0000,1434,1535,1230,1889,0906,-108,-001,0000,-011,-006,0000,0000,0000,1433,1535,1232,1888,0907,-107,-006,-001,0004,0004,0000,0000,0000,1438,1535,1239,1888,X
1433,1535,1238,1840,0914,-105,-024,-007,0097,0064,0000,0000,0000,1430,1535,1243,1841,0915,-100,-014,0009,0032,0002,0000,0000,0000,1441,1535,1239,1837,0918,-107,-001,-013,-003,0006,0000,0000,0000,1441,1535,1243,1838,0918,-109,0000,-006,-008,0006,0000,0000,0000,1439,1535,1249,1834,0918,-110,0000,0000,-002,0001,0000,0000,0000,1447,1535,1248,1831,X
1410,1519,1216,1782,0896,-086,0014,-009,0045,0042,0000,0000,0000,1373,1479,1182,1745,0875,-101,-005,0032,0131,0094,0000,0000,0000,1415,1526,1218,1802,0906,-103,-005,-011,0024,-007,0000,0000,0000,1379,1490,1184,1755,0877,-104,-001,-007,0003,0000,0000,0000,0000,1424,1526,1220,1806,0912,-107,0000,-009,-004,0003,0000,0000,0000,1424,1533,1221,1797,X
1456,1575,1274,1711,0931,-083,0011,-012,0099,0063,0000,0000,0000,1456,1575,1275,1724,0931,-092,-029,-002,0077,0033,0000,0000,0000,1421,1533,1242,1680,0906,-108,-011,-010,-004,-030,0000,0000,0000,1457,1579,1276,1727,0931,-111,-004,-004,-016,0001,0000,0000,0000,1456,1581,1281,1731,0937,-112,-001,0000,-010,0004,0000,0000,0000,1459,1582,1278,1729,X
1456,1583,1277,1904,0937,-103,0003,0002,-004,-002,0000,0000,0000,1424,1535,1238,1843,0910,-094,0011,0060,0120,0100,0000,0000,0000,1461,1584,1278,1884,0937,-090,-016,0000,0054,-027,0000,0000,0000,1424,1535,1243,1827,0911,-097,-005,0002,0000,-013,0000,0000,0000,1354,1451,1253,1821,0895,-102,-002,-008,-011,0005,0000,0000,0000,1466,1585,1279,1866,X
1363,1571,1266,1843,0908,-079,0018,0021,0073,0054,0000,0000,0000,1469,1601,1305,1890,0926,-083,-028,0074,0120,0028,0000,0000,0000,1431,1558,1269,1841,0899,-104,-002,-010,0009,-038,0000,0000,0000,1471,1609,1307,1889,0930,-105,0001,-003,0000,-010,0000,0000,0000,1431,1565,1273,1840,0902,-107,0000,-006,-014,0003,0000,0000,0000,1474,1614,1315,1886,X
1447,1568,1267,1828,0913,-084,0012,0024,0108,0092,0000,0000,0000,1488,1614,1318,1879,0944,-085,-015,0042,0110,0034,0000,0000,0000,1490,1610,1310,1882,0944,-102,0000,-004,0008,-043,0000,0000,0000,1490,1615,1317,1878,0944,-103,0000,-018,-010,0000,0000,0000,0000,1448,1562,1275,1827,0915,-105,-001,0006,-027,-001,0000,0000,0000,1488,1615,1324,1885,X
2375,1679,1408,1471,1360,0039,-097,-008,0010,-001,0000,0001,0000,2375,1676,1412,1471,1344,0033,-101,0011,-008,0001,0000,0001,0000,2374,1689,1419,1470,1362,0035,-100,0004,-001,0000,0000,0001,0000,2371,1696,1421,1471,1359,0037,-101,0004,-001,0000,0000,0001,0000,2372,1678,1409,1472,1346,0035,-100,-007,0004,0000,0000,0001,0000,2371,1677,1408,1473,Y
2352,1695,1454,1503,1355,0049,-101,-016,0004,0003,0000,0001,0000,2350,1684,1455,1503,1357,0037,-103,-003,0014,0001,0000,0001,0000,2352,1686,1451,1499,1356,0046,-102,0000,-001,0000,0000,0001,0000,2349,1686,1457,1501,1357,0044,-099,-011,0000,-004,0000,0001,0000,2346,1692,1463,1504,1354,0043,-101,0008,-004,0003,0000,0001,0000,2352,1706,1474,1507,Y
2331,1689,1429,1511,1359,0043,-098,0002,0000,0001,0000,0001,0000,2341,1704,1441,1515,1363,0039,-098,0006,0004,-002,0000,0001,0000,2342,1722,1458,1520,1363,0038,-095,0014,0012,-008,0000,0001,0000,2345,1728,1472,1525,1362,0037,-096,0000,-007,0000,0000,0001,0000,2347,1730,1471,1524,1361,0036,-100,-002,0004,0000,0000,0001,0000,2287,1662,1403,1478,Y
2349,1799,1600,1584,1361,0031,-096,0004,0006,0003,0000,0001,0000,2345,1797,1602,1584,1361,0033,-097,0004,0004,0001,0000,0001,0000,2346,1793,1607,1587,1364,0029,-099,0007,0002,-002,0000,0001,0000,2288,1735,1559,1535,1328,0033,-100,0003,0001,0000,0000,0001,0000,2352,1783,1600,1599,1366,0032,-098,-001,-001,-001,0000,0001,0000,2351,1798,1597,1591,Y
2355,1740,1517,1579,1355,0032,-092,0003,-016,0006,0000,0001,0000,2358,1755,1520,1584,1359,0029,-095,-009,-006,0006,0000,0001,0000,2357,1760,1521,1594,1357,0031,-096,0005,-004,0002,0000,0001,0000,2359,1758,1530,1585,1357,0032,-099,0002,-003,0001,0000,0001,0000,2354,1749,1518,1584,1358,0032,-095,0001,-002,-001,0000,0001,0000,2356,1739,1510,1580,Y
2342,1633,1375,1472,1357,0032,-097,0012,0007,0004,0000,0001,0000,2316,1513,1284,1443,1335,0033,-097,0001,0004,0000,0000,0001,0000,2347,1651,1397,1488,1359,0030,-099,-002,-005,0002,0000,0001,0000,2352,1658,1409,1494,1358,0030,-096,0003,0003,-001,0000,0001,0000,2272,1598,1360,1481,1360,0032,-098,0000,0009,0000,0000,0001,0000,2343,1647,1421,1502,Y
2332,1639,1380,1471,1360,0034,-101,0025,-024,-002,0000,0001,0000,2323,1644,1392,1472,1356,0035,-099,0003,0003,-002,0000,0001,0000,2231,1585,1355,1425,1318,0031,-100,0010,0000,0002,0000,0001,0000,2210,1602,1357,1449,1264,0030,-101,0008,0003,-001,0000,0001,0000,2290,1693,1420,1482,1360,0032,-100,-001,0009,-002,0000,0001,0000,2334,1712,1435,1493,Y
2333,1726,1427,1503,1367,0052,-101,-007,-008,-002,0000,0001,0000,2334,1716,1434,1506,1360,0043,-103,0015,0008,-005,0000,0001,0000,2338,1705,1430,1515,1359,0045,-102,-002,0007,0000,0000,0001,0000,2339,1677,1407,1515,1350,0044,-101,0004,0007,-006,0000,0001,0000,2278,1577,1328,1456,1312,0040,-104,0001,0003,0001,0000,0001,0000,2176,1494,1275,1474,Y
1352,1296,1136,2278,1095,0063,-083,-006,-004,-002,0000,0000,0000,1379,1335,1171,2337,1149,0002,-113,-079,-065,0064,0000,0000,0000,1383,1347,1179,2330,1135,0048,-106,0142,0020,-134,0000,0000,0000,1387,1349,1183,2327,1135,0088,-056,-027,-027,0138,0000,0000,0000,1384,1349,1185,2323,1136,-010,-119,-036,-008,0026,0000,0000,0000,1391,1347,1185,2322,Z
1421,1391,1212,2326,1139,0033,-086,-125,-064,0074,0000,0000,0000,1419,1390,1211,2314,1137,-021,-101,0044,0023,-060,0000,0000,0000,1424,1392,1214,2308,1135,0063,-072,0158,0035,-025,0000,0000,0000,1387,1344,1185,2243,1105,0076,-096,-111,-057,0110,0000,0000,0000,1424,1392,1221,2305,1145,0004,-121,-046,-015,0013,0000,0000,0000,1425,1391,1219,2304,Z
1362,1398,1210,2327,1175,0065,-070,-015,-013,0016,0000,0000,0000,1346,1366,1217,2337,1178,-025,-104,-025,-040,0023,0000,0000,0000,1393,1412,1225,2322,1170,0031,-108,0130,0001,-088,0000,0000,0000,1360,1369,1190,2253,1127,0075,-052,-080,0001,0099,0000,0000,0000,1401,1393,1233,2303,1158,-025,-117,-059,-022,0028,0000,0000,0000,1411,1414,1226,2287,Z
1264,1371,1184,2262,1086,0059,-067,-156,-036,0107,0000,0000,0000,1264,1372,1190,2276,1099,-013,-105,0052,0005,-075,0000,0000,0000,1301,1415,1229,2321,1122,0082,-042,0113,0033,-030,0000,0000,0000,1303,1417,1233,2320,1125,-020,-122,-054,-079,0095,0000,0000,0000,1310,1417,1237,2314,1125,0029,-111,0026,-003,-001,0000,0000,0000,1311,1424,1235,2288,Z
1348,1423,1191,2355,1120,0061,-078,0006,-003,-010,0000,0000,0000,1357,1424,1202,2329,1125,0019,-113,-121,-136,0143,0000,0000,0000,1328,1392,1179,2283,1095,0023,-123,0101,0020,-178,0000,0000,0000,1366,1427,1216,2331,1125,0087,-051,-084,-012,0128,0000,0000,0000,1373,1431,1226,2309,1135,0007,-122,-055,-016,0027,0000,0000,0000,1377,1429,1232,2295,Z
1360,1431,1226,2331,1168,0050,-072,0011,-009,-024,0000,0000,0000,1322,1387,1186,2235,1124,0014,-111,-181,-146,0182,0000,0000,0000,1369,1435,1235,2312,1155,-003,-119,0133,0073,-153,0000,0000,0000,1375,1435,1247,2299,1147,0074,-037,-009,-038,0134,0000,0000,0000,1325,1381,1227,2225,1123,-015,-115,-034,-009,0039,0000,0000,0000,1375,1439,1265,2259,Z
1361,1483,1323,2324,1140,0076,-047,-081,0024,0085,0000,0000,0000,1342,1462,1280,2263,1092,-028,-091,0004,-033,-082,0000,0000,0000,1374,1491,1330,2304,1124,0087,-041,0117,0010,-058,0000,0000,0000,1372,1471,1345,2317,1131,-046,-124,0013,-059,0139,0000,0000,0000,1378,1472,1346,2310,1127,0032,-110,0017,0000,0006,0000,0000,0000,1343,1437,1314,2229,Z
1331,1344,1156,2203,1161,0061,-075,-102,-025,0134,0000,0000,0000,1359,1453,1258,2366,1178,-021,-096,0046,0001,-113,0000,0000,0000,1360,1444,1239,2304,1123,0077,-038,0104,0064,-011,0000,0000,0000,1325,1388,1245,2272,1139,-032,-103,0038,-126,0179,0000,0000,0000,1371,1424,1293,2320,1174,0020,-111,0018,-007,0000,0000,0000,0000,1377,1450,1285,2274,Z
2160,2253,2035,2107,1155,0038,-051,-048,-065,0160,0000,0000,0000,2160,2270,2062,2133,1155,-059,-086,-033,0149,-398,0000,0000,0000,2026,2170,2023,2130,1152,0029,-052,-034,-046,0187,0000,0000,0000,2106,2213,2021,2132,1133,-055,-096,-044,0088,-314,0000,0000,0000,2061,2142,1968,2041,1100,0028,-059,0027,-093,0327,0000,0000,0000,2126,2210,2029,2107,Oi
2255,2301,2101,2140,1129,0018,-092,-117,0119,-201,0000,0000,0000,2199,2222,2035,2083,1061,-037,-086,-044,0056,-247,0000,0000,0000,2265,2269,2081,2129,1129,-010,-100,0113,-074,0047,0000,0000,0000,2271,2293,2066,2136,1124,0020,-086,0013,-087,0135,0000,0000,0000,2290,2298,2063,2141,1093,0027,-076,-025,0001,-051,0000,0000,0000,2252,2282,2043,2133,Oi
2085,2206,2032,1984,1185,0159,-142,0004,-035,0000,0000,0000,0000,2186,2258,2047,2102,1178,0014,-108,-019,0388,0264,0000,0000,0000,2246,2313,2063,2144,1095,0015,-096,-199,0095,-245,0000,0000,0000,2259,2330,2077,2160,1074,-046,-089,-173,0058,-271,0000,0000,0000,2254,2326,2070,2167,1072,-017,-089,0002,0014,0041,0000,0000,0000,2253,2330,2078,2179,Oi
2192,2288,2032,2115,1059,-010,-094,-195,0150,-349,0000,0000,0000,2192,2298,2059,2128,1084,-035,-076,0142,-128,0135,0000,0000,0000,2186,2275,2064,2131,1093,0028,-070,0091,-029,0213,0000,0000,0000,2169,2254,2037,2111,1095,0029,-061,-098,0073,-143,0000,0000,0000,2158,2243,2031,2112,1073,-013,-093,-180,0090,-305,0000,0000,0000,2159,2256,2035,2131,Oi
2229,2337,2097,2192,1162,-048,-065,0162,-109,0280,0000,0000,0000,2227,2323,2096,2179,1110,0036,-064,-181,0022,-235,0000,0000,0000,2240,2354,2086,2188,1084,-067,-055,0030,-110,-099,0000,0000,0000,2261,2359,2134,2182,1110,0040,-063,0067,-057,0230,0000,0000,0000,2259,2390,2129,2112,1072,0009,-095,-192,0107,-316,0000,0000,0000,2096,2282,2068,2046,Oi
2192,2261,2061,2087,1076,0041,-070,0106,-051,0319,0000,0000,0000,2233,2305,2085,2123,1088,0046,-057,0049,0050,-056,0000,0000,0000,2190,2261,2071,2115,1099,-054,-095,-099,0019,-311,0000,0000,0000,2185,2256,2075,2114,1116,0027,-102,0080,-031,0384,0000,0000,0000,2130,2209,2000,2076,1117,0036,-078,0020,0024,-082,0000,0000,0000,2128,2206,2003,2087,Oi
2242,2322,2079,2128,1088,0049,-041,0078,0004,0109,0000,0000,0000,2150,2249,1993,2046,1047,-044,-093,-273,0138,-499,0000,0000,0000,2165,2253,2026,2065,1093,0011,-097,0014,-002,0118,0000,0000,0000,2149,2235,2017,2033,1098,0016,-099,-012,-006,-030,0000,0000,0000,2124,2216,2007,2001,1099,0008,-102,0007,-002,0001,0000,0000,0000,2102,2199,2000,1983,Oi
2207,2289,2027,2082,1097,0010,-096,-160,0117,-349,0000,0000,0000,2193,2287,2035,2081,1133,-013,-109,0092,-058,0481,0000,0000,0000,2193,2266,2040,2087,1109,0028,-071,-071,0098,-285,0000,0000,0000,2156,2247,2034,2080,1134,-029,-083,0100,-137,0332,0000,0000,0000,2133,2223,2005,2037,1120,0039,-058,-036,0068,-175,0000,0000,0000,2037,2154,1951,2000,Oi
1511,1437,1310,1761,0973,-020,-101,-063,-066,0069,0000,0000,0000,1462,1392,1266,1710,0944,-028,-107,0085,-073,-135,0000,0000,0000,1511,1437,1312,1757,0976,0068,-100,-018,0120,-032,0000,0000,0000,1466,1393,1269,1709,0944,0000,-106,-099,-008,0086,0000,0000,0000,1462,1392,1264,1710,0944,-036,-093,0057,-092,0010,0000,0000,0000,1514,1445,1313,1759,Computacao
1515,1438,1319,1769,0971,-011,-097,-030,-071,0064,0000,0000,0000,1466,1387,1275,1739,0922,-012,-117,0074,-108,-086,0000,0000,0000,1468,1386,1267,1779,0914,0055,-106,-012,0110,-069,0000,0000,0000,1518,1427,1321,1845,0950,0047,-086,-095,0046,0075,0000,0000,0000,1511,1430,1325,1841,0942,-030,-090,-009,-108,0070,0000,0000,0000,1477,1407,1200,1680,Computacao
1517,1439,1327,1840,0958,0010,-107,-069,0001,0053,0000,0000,0000,1505,1436,1328,1819,0955,-039,-095,0047,-114,0011,0000,0000,0000,1506,1435,1326,1811,0962,0052,-120,0030,0085,-136,0000,0000,0000,1511,1436,1329,1812,0954,0052,-071,-080,0043,0070,0000,0000,0000,1505,1439,1326,1817,0959,-022,-087,-034,-093,0042,0000,0000,0000,1509,1440,1328,1811,Computacao
1507,1449,1329,1815,0963,0027,-102,-045,0004,0046,0000,0000,0000,1513,1444,1335,1818,0961,-049,-076,0001,-112,-036,0000,0000,0000,1515,1441,1339,1809,0943,0083,-125,0154,0086,-112,0000,0000,0000,1459,1392,1294,1755,0912,0047,-076,-080,0057,0067,0000,0000,0000,1513,1438,1335,1812,0951,-022,-088,-048,-078,0062,0000,0000,0000,1511,1442,1335,1808,Computacao
1518,1443,1339,1814,0956,0023,-101,-063,-007,0033,0000,0000,0000,1465,1391,1296,1761,0930,-030,-096,0007,-094,0000,0000,0000,0000,1506,1433,1346,1814,0961,0014,-123,0079,0022,-122,0000,0000,0000,1503,1429,1349,1810,0958,0056,-095,-053,0082,0003,0000,0000,0000,1464,1403,1300,1744,0913,-020,-096,-085,-032,0085,0000,0000,0000,1502,1436,1351,1809,Computacao
1509,1425,1335,1813,0963,0053,-084,-062,-002,0049,0000,0000,0000,1459,1388,1297,1761,0933,-021,-099,-009,-089,0030,0000,0000,0000,1509,1424,1344,1818,0971,-001,-121,0102,-052,-096,0000,0000,0000,1511,1424,1342,1808,0969,0068,-101,-057,0099,0009,0000,0000,0000,1506,1427,1343,1810,0967,0016,-100,-095,-007,0091,0000,0000,0000,1466,1390,1296,1761,Computacao
1494,1321,1200,1717,0877,0035,-098,-013,0017,0010,0000,0000,0000,1493,1328,1203,1722,0874,0000,-112,-034,-040,0070,0000,0000,0000,1489,1328,1205,1702,0877,-029,-107,0081,-092,-057,0000,0000,0000,1499,1335,1209,1713,0880,0073,-117,0055,0105,-091,0000,0000,0000,1375,1216,1104,1663,0858,0025,-106,-122,0054,0071,0000,0000,0000,1491,1341,1216,1709,Computacao
1514,1362,1232,1717,0902,0025,-095,-073,-006,0060,0000,0000,0000,1519,1366,1232,1718,0901,-026,-096,0005,-118,0002,0000,0000,0000,1514,1371,1235,1714,0903,0052,-123,0125,0008,-130,0000,0000,0000,1511,1370,1235,1713,0902,0064,-094,-068,0093,0050,0000,0000,0000,1513,1366,1241,1715,0907,-020,-083,-060,-055,0087,0000,0000,0000,1392,1261,1201,1681,Computacao